tipo,id_proyecto,anio,mes,user_id,empresa_id
no_autorizado,1,2026,1,user-emp2-0,2
no_autorizado,41,2026,2,user-emp2-1,2
no_autorizado,81,2026,3,user-emp2-2,2
no_autorizado,121,2026,4,user-emp2-3,2
no_autorizado,161,2026,1,user-emp2-4,2
no_autorizado,201,2026,2,user-emp2-5,2
no_autorizado,241,2026,3,user-emp2-6,2
no_autorizado,281,2026,4,user-emp2-7,2
no_autorizado,321,2026,1,user-emp2-8,2
no_autorizado,361,2026,2,user-emp2-9,2
no_autorizado,401,2026,3,user-emp2-10,2
no_autorizado,441,2026,4,user-emp2-11,2
no_autorizado,481,2026,1,user-emp2-12,2
no_autorizado,521,2026,2,user-emp2-13,2
no_autorizado,561,2026,3,user-emp2-14,2
no_autorizado,601,2026,4,user-emp2-15,2
no_autorizado,641,2026,1,user-emp2-16,2
no_autorizado,681,2026,2,user-emp2-17,2
no_autorizado,721,2026,3,user-emp2-18,2
no_autorizado,761,2026,4,user-emp2-19,2
no_autorizado,801,2026,1,user-emp2-20,2
no_autorizado,841,2026,2,user-emp2-21,2
no_autorizado,881,2026,3,user-emp2-22,2
no_autorizado,921,2026,4,user-emp2-23,2
no_autorizado,961,2026,1,user-emp2-24,2
no_autorizado,1001,2026,2,user-emp2-25,2
no_autorizado,1041,2026,3,user-emp2-26,2
no_autorizado,1081,2026,4,user-emp2-27,2
no_autorizado,1121,2026,1,user-emp2-28,2
no_autorizado,1161,2026,2,user-emp2-29,2
no_autorizado,1201,2026,3,user-emp2-30,2
no_autorizado,1241,2026,4,user-emp2-31,2
no_autorizado,1281,2026,1,user-emp2-32,2
no_autorizado,1321,2026,2,user-emp2-33,2
no_autorizado,1361,2026,3,user-emp2-34,2
no_autorizado,1401,2026,4,user-emp2-35,2
no_autorizado,1441,2026,1,user-emp2-36,2
no_autorizado,1481,2026,2,user-emp2-37,2
no_autorizado,1521,2026,3,user-emp2-38,2
no_autorizado,1561,2026,4,user-emp2-39,2
no_autorizado,1601,2026,1,user-emp2-40,2
no_autorizado,1641,2026,2,user-emp2-41,2
no_autorizado,1681,2026,3,user-emp2-42,2
no_autorizado,1721,2026,4,user-emp2-43,2
no_autorizado,1761,2026,1,user-emp2-44,2
no_autorizado,1801,2026,2,user-emp2-45,2
no_autorizado,1841,2026,3,user-emp2-46,2
no_autorizado,1881,2026,4,user-emp2-47,2
no_autorizado,1921,2026,1,user-emp2-48,2
no_autorizado,1961,2026,2,user-emp2-49,2
no_autorizado,2001,2026,3,user-emp2-50,2
no_autorizado,2041,2026,4,user-emp2-51,2
no_autorizado,2081,2026,1,user-emp2-52,2
no_autorizado,2121,2026,2,user-emp2-53,2
no_autorizado,2161,2026,3,user-emp2-54,2
no_autorizado,2201,2026,4,user-emp2-55,2
no_autorizado,2241,2026,1,user-emp2-56,2
no_autorizado,2281,2026,2,user-emp2-57,2
no_autorizado,2321,2026,3,user-emp2-58,2
no_autorizado,2361,2026,4,user-emp2-59,2
no_autorizado,2401,2026,1,user-emp2-60,2
no_autorizado,2441,2026,2,user-emp2-61,2
no_autorizado,2481,2026,3,user-emp2-62,2
no_autorizado,2521,2026,4,user-emp2-63,2
no_autorizado,2561,2026,1,user-emp2-64,2
no_autorizado,2601,2026,2,user-emp2-65,2
no_autorizado,2641,2026,3,user-emp2-66,2
no_autorizado,2681,2026,4,user-emp2-67,2
no_autorizado,2721,2026,1,user-emp2-68,2
no_autorizado,2761,2026,2,user-emp2-69,2
no_autorizado,2801,2026,3,user-emp2-70,2
no_autorizado,2841,2026,4,user-emp2-71,2
no_autorizado,2881,2026,1,user-emp2-72,2
no_autorizado,2921,2026,2,user-emp2-73,2
no_autorizado,2961,2026,3,user-emp2-74,2
no_autorizado,1,2026,4,user-emp2-75,2
no_autorizado,41,2026,1,user-emp2-76,2
no_autorizado,81,2026,2,user-emp2-77,2
no_autorizado,121,2026,3,user-emp2-78,2
no_autorizado,161,2026,4,user-emp2-79,2
no_autorizado,201,2026,1,user-emp2-80,2
no_autorizado,241,2026,2,user-emp2-81,2
no_autorizado,281,2026,3,user-emp2-82,2
no_autorizado,321,2026,4,user-emp2-83,2
no_autorizado,361,2026,1,user-emp2-84,2
no_autorizado,401,2026,2,user-emp2-85,2
no_autorizado,441,2026,3,user-emp2-86,2
no_autorizado,481,2026,4,user-emp2-87,2
no_autorizado,521,2026,1,user-emp2-88,2
no_autorizado,561,2026,2,user-emp2-89,2
no_autorizado,601,2026,3,user-emp2-90,2
no_autorizado,641,2026,4,user-emp2-91,2
no_autorizado,681,2026,1,user-emp2-92,2
no_autorizado,721,2026,2,user-emp2-93,2
no_autorizado,761,2026,3,user-emp2-94,2
no_autorizado,801,2026,4,user-emp2-95,2
no_autorizado,841,2026,1,user-emp2-96,2
no_autorizado,881,2026,2,user-emp2-97,2
no_autorizado,921,2026,3,user-emp2-98,2
no_autorizado,961,2026,4,user-emp2-99,2
no_autorizado,1001,2026,1,user-emp2-100,2
no_autorizado,1041,2026,2,user-emp2-101,2
no_autorizado,1081,2026,3,user-emp2-102,2
no_autorizado,1121,2026,4,user-emp2-103,2
no_autorizado,1161,2026,1,user-emp2-104,2
no_autorizado,1201,2026,2,user-emp2-105,2
no_autorizado,1241,2026,3,user-emp2-106,2
no_autorizado,1281,2026,4,user-emp2-107,2
no_autorizado,1321,2026,1,user-emp2-108,2
no_autorizado,1361,2026,2,user-emp2-109,2
no_autorizado,1401,2026,3,user-emp2-110,2
no_autorizado,1441,2026,4,user-emp2-111,2
no_autorizado,1481,2026,1,user-emp2-112,2
no_autorizado,1521,2026,2,user-emp2-113,2
no_autorizado,1561,2026,3,user-emp2-114,2
no_autorizado,1601,2026,4,user-emp2-115,2
no_autorizado,1641,2026,1,user-emp2-116,2
no_autorizado,1681,2026,2,user-emp2-117,2
no_autorizado,1721,2026,3,user-emp2-118,2
no_autorizado,1761,2026,4,user-emp2-119,2
no_autorizado,1801,2026,1,user-emp2-120,2
no_autorizado,1841,2026,2,user-emp2-121,2
no_autorizado,1881,2026,3,user-emp2-122,2
no_autorizado,1921,2026,4,user-emp2-123,2
no_autorizado,1961,2026,1,user-emp2-124,2
no_autorizado,2001,2026,2,user-emp2-125,2
no_autorizado,2041,2026,3,user-emp2-126,2
no_autorizado,2081,2026,4,user-emp2-127,2
no_autorizado,2121,2026,1,user-emp2-128,2
no_autorizado,2161,2026,2,user-emp2-129,2
no_autorizado,2201,2026,3,user-emp2-130,2
no_autorizado,2241,2026,4,user-emp2-131,2
no_autorizado,2281,2026,1,user-emp2-132,2
no_autorizado,2321,2026,2,user-emp2-133,2
no_autorizado,2361,2026,3,user-emp2-134,2
no_autorizado,2401,2026,4,user-emp2-135,2
no_autorizado,2441,2026,1,user-emp2-136,2
no_autorizado,2481,2026,2,user-emp2-137,2
no_autorizado,2521,2026,3,user-emp2-138,2
no_autorizado,2561,2026,4,user-emp2-139,2
no_autorizado,2601,2026,1,user-emp2-140,2
no_autorizado,2641,2026,2,user-emp2-141,2
no_autorizado,2681,2026,3,user-emp2-142,2
no_autorizado,2721,2026,4,user-emp2-143,2
no_autorizado,2761,2026,1,user-emp2-144,2
no_autorizado,2801,2026,2,user-emp2-145,2
no_autorizado,2841,2026,3,user-emp2-146,2
no_autorizado,2881,2026,4,user-emp2-147,2
no_autorizado,2921,2026,1,user-emp2-148,2
no_autorizado,2961,2026,2,user-emp2-149,2
no_autorizado,1,2026,3,user-emp2-150,2
no_autorizado,41,2026,4,user-emp2-151,2
no_autorizado,81,2026,1,user-emp2-152,2
no_autorizado,121,2026,2,user-emp2-153,2
no_autorizado,161,2026,3,user-emp2-154,2
no_autorizado,201,2026,4,user-emp2-155,2
no_autorizado,241,2026,1,user-emp2-156,2
no_autorizado,281,2026,2,user-emp2-157,2
no_autorizado,321,2026,3,user-emp2-158,2
no_autorizado,361,2026,4,user-emp2-159,2
no_autorizado,401,2026,1,user-emp2-160,2
no_autorizado,441,2026,2,user-emp2-161,2
no_autorizado,481,2026,3,user-emp2-162,2
no_autorizado,521,2026,4,user-emp2-163,2
no_autorizado,561,2026,1,user-emp2-164,2
no_autorizado,601,2026,2,user-emp2-165,2
no_autorizado,641,2026,3,user-emp2-166,2
no_autorizado,681,2026,4,user-emp2-167,2
no_autorizado,721,2026,1,user-emp2-168,2
no_autorizado,761,2026,2,user-emp2-169,2
no_autorizado,801,2026,3,user-emp2-170,2
no_autorizado,841,2026,4,user-emp2-171,2
no_autorizado,881,2026,1,user-emp2-172,2
no_autorizado,921,2026,2,user-emp2-173,2
no_autorizado,961,2026,3,user-emp2-174,2
no_autorizado,1001,2026,4,user-emp2-175,2
no_autorizado,1041,2026,1,user-emp2-176,2
no_autorizado,1081,2026,2,user-emp2-177,2
no_autorizado,1121,2026,3,user-emp2-178,2
no_autorizado,1161,2026,4,user-emp2-179,2
no_autorizado,1201,2026,1,user-emp2-180,2
no_autorizado,1241,2026,2,user-emp2-181,2
no_autorizado,1281,2026,3,user-emp2-182,2
no_autorizado,1321,2026,4,user-emp2-183,2
no_autorizado,1361,2026,1,user-emp2-184,2
no_autorizado,1401,2026,2,user-emp2-185,2
no_autorizado,1441,2026,3,user-emp2-186,2
no_autorizado,1481,2026,4,user-emp2-187,2
no_autorizado,1521,2026,1,user-emp2-188,2
no_autorizado,1561,2026,2,user-emp2-189,2
no_autorizado,1601,2026,3,user-emp2-190,2
no_autorizado,1641,2026,4,user-emp2-191,2
no_autorizado,1681,2026,1,user-emp2-192,2
no_autorizado,1721,2026,2,user-emp2-193,2
no_autorizado,1761,2026,3,user-emp2-194,2
no_autorizado,1801,2026,4,user-emp2-195,2
no_autorizado,1841,2026,1,user-emp2-196,2
no_autorizado,1881,2026,2,user-emp2-197,2
no_autorizado,1921,2026,3,user-emp2-198,2
no_autorizado,1961,2026,4,user-emp2-199,2
no_autorizado,2001,2026,1,user-emp2-200,2
no_autorizado,2041,2026,2,user-emp2-201,2
no_autorizado,2081,2026,3,user-emp2-202,2
no_autorizado,2121,2026,4,user-emp2-203,2
no_autorizado,2161,2026,1,user-emp2-204,2
no_autorizado,2201,2026,2,user-emp2-205,2
no_autorizado,2241,2026,3,user-emp2-206,2
no_autorizado,2281,2026,4,user-emp2-207,2
no_autorizado,2321,2026,1,user-emp2-208,2
no_autorizado,2361,2026,2,user-emp2-209,2
no_autorizado,2401,2026,3,user-emp2-210,2
no_autorizado,2441,2026,4,user-emp2-211,2
no_autorizado,2481,2026,1,user-emp2-212,2
no_autorizado,2521,2026,2,user-emp2-213,2
no_autorizado,2561,2026,3,user-emp2-214,2
no_autorizado,2601,2026,4,user-emp2-215,2
no_autorizado,2641,2026,1,user-emp2-216,2
no_autorizado,2681,2026,2,user-emp2-217,2
no_autorizado,2721,2026,3,user-emp2-218,2
no_autorizado,2761,2026,4,user-emp2-219,2
no_autorizado,2801,2026,1,user-emp2-220,2
no_autorizado,2841,2026,2,user-emp2-221,2
no_autorizado,2881,2026,3,user-emp2-222,2
no_autorizado,2921,2026,4,user-emp2-223,2
no_autorizado,2961,2026,1,user-emp2-224,2
no_autorizado,1,2026,2,user-emp2-225,2
no_autorizado,41,2026,3,user-emp2-226,2
no_autorizado,81,2026,4,user-emp2-227,2
no_autorizado,121,2026,1,user-emp2-228,2
no_autorizado,161,2026,2,user-emp2-229,2
no_autorizado,201,2026,3,user-emp2-230,2
no_autorizado,241,2026,4,user-emp2-231,2
no_autorizado,281,2026,1,user-emp2-232,2
no_autorizado,321,2026,2,user-emp2-233,2
no_autorizado,361,2026,3,user-emp2-234,2
no_autorizado,401,2026,4,user-emp2-235,2
no_autorizado,441,2026,1,user-emp2-236,2
no_autorizado,481,2026,2,user-emp2-237,2
no_autorizado,521,2026,3,user-emp2-238,2
no_autorizado,561,2026,4,user-emp2-239,2
no_autorizado,601,2026,1,user-emp2-240,2
no_autorizado,641,2026,2,user-emp2-241,2
no_autorizado,681,2026,3,user-emp2-242,2
no_autorizado,721,2026,4,user-emp2-243,2
no_autorizado,761,2026,1,user-emp2-244,2
no_autorizado,801,2026,2,user-emp2-245,2
no_autorizado,841,2026,3,user-emp2-246,2
no_autorizado,881,2026,4,user-emp2-247,2
no_autorizado,921,2026,1,user-emp2-248,2
no_autorizado,961,2026,2,user-emp2-249,2
no_autorizado,1001,2026,3,user-emp2-250,2
no_autorizado,1041,2026,4,user-emp2-251,2
no_autorizado,1081,2026,1,user-emp2-252,2
no_autorizado,1121,2026,2,user-emp2-253,2
no_autorizado,1161,2026,3,user-emp2-254,2
no_autorizado,1201,2026,4,user-emp2-255,2
no_autorizado,1241,2026,1,user-emp2-256,2
no_autorizado,1281,2026,2,user-emp2-257,2
no_autorizado,1321,2026,3,user-emp2-258,2
no_autorizado,1361,2026,4,user-emp2-259,2
no_autorizado,1401,2026,1,user-emp2-260,2
no_autorizado,1441,2026,2,user-emp2-261,2
no_autorizado,1481,2026,3,user-emp2-262,2
no_autorizado,1521,2026,4,user-emp2-263,2
no_autorizado,1561,2026,1,user-emp2-264,2
no_autorizado,1601,2026,2,user-emp2-265,2
no_autorizado,1641,2026,3,user-emp2-266,2
no_autorizado,1681,2026,4,user-emp2-267,2
no_autorizado,1721,2026,1,user-emp2-268,2
no_autorizado,1761,2026,2,user-emp2-269,2
no_autorizado,1801,2026,3,user-emp2-270,2
no_autorizado,1841,2026,4,user-emp2-271,2
no_autorizado,1881,2026,1,user-emp2-272,2
no_autorizado,1921,2026,2,user-emp2-273,2
no_autorizado,1961,2026,3,user-emp2-274,2
no_autorizado,2001,2026,4,user-emp2-275,2
no_autorizado,2041,2026,1,user-emp2-276,2
no_autorizado,2081,2026,2,user-emp2-277,2
no_autorizado,2121,2026,3,user-emp2-278,2
no_autorizado,2161,2026,4,user-emp2-279,2
no_autorizado,2201,2026,1,user-emp2-280,2
no_autorizado,2241,2026,2,user-emp2-281,2
no_autorizado,2281,2026,3,user-emp2-282,2
no_autorizado,2321,2026,4,user-emp2-283,2
no_autorizado,2361,2026,1,user-emp2-284,2
no_autorizado,2401,2026,2,user-emp2-285,2
no_autorizado,2441,2026,3,user-emp2-286,2
no_autorizado,2481,2026,4,user-emp2-287,2
no_autorizado,2521,2026,1,user-emp2-288,2
no_autorizado,2561,2026,2,user-emp2-289,2
no_autorizado,2601,2026,3,user-emp2-290,2
no_autorizado,2641,2026,4,user-emp2-291,2
no_autorizado,2681,2026,1,user-emp2-292,2
no_autorizado,2721,2026,2,user-emp2-293,2
no_autorizado,2761,2026,3,user-emp2-294,2
no_autorizado,2801,2026,4,user-emp2-295,2
no_autorizado,2841,2026,1,user-emp2-296,2
no_autorizado,2881,2026,2,user-emp2-297,2
no_autorizado,2921,2026,3,user-emp2-298,2
no_autorizado,2961,2026,4,user-emp2-299,2
no_autorizado,1,2026,1,user-emp2-300,2
no_autorizado,41,2026,2,user-emp2-301,2
no_autorizado,81,2026,3,user-emp2-302,2
no_autorizado,121,2026,4,user-emp2-303,2
no_autorizado,161,2026,1,user-emp2-304,2
no_autorizado,201,2026,2,user-emp2-305,2
no_autorizado,241,2026,3,user-emp2-306,2
no_autorizado,281,2026,4,user-emp2-307,2
no_autorizado,321,2026,1,user-emp2-308,2
no_autorizado,361,2026,2,user-emp2-309,2
no_autorizado,401,2026,3,user-emp2-310,2
no_autorizado,441,2026,4,user-emp2-311,2
no_autorizado,481,2026,1,user-emp2-312,2
no_autorizado,521,2026,2,user-emp2-313,2
no_autorizado,561,2026,3,user-emp2-314,2
no_autorizado,601,2026,4,user-emp2-315,2
no_autorizado,641,2026,1,user-emp2-316,2
no_autorizado,681,2026,2,user-emp2-317,2
no_autorizado,721,2026,3,user-emp2-318,2
no_autorizado,761,2026,4,user-emp2-319,2
no_autorizado,801,2026,1,user-emp2-320,2
no_autorizado,841,2026,2,user-emp2-321,2
no_autorizado,881,2026,3,user-emp2-322,2
no_autorizado,921,2026,4,user-emp2-323,2
no_autorizado,961,2026,1,user-emp2-324,2
no_autorizado,1001,2026,2,user-emp2-325,2
no_autorizado,1041,2026,3,user-emp2-326,2
no_autorizado,1081,2026,4,user-emp2-327,2
no_autorizado,1121,2026,1,user-emp2-328,2
no_autorizado,1161,2026,2,user-emp2-329,2
no_autorizado,1201,2026,3,user-emp2-330,2
no_autorizado,1241,2026,4,user-emp2-331,2
no_autorizado,1281,2026,1,user-emp2-332,2
no_autorizado,1321,2026,2,user-emp2-333,2
no_autorizado,1361,2026,3,user-emp2-334,2
no_autorizado,1401,2026,4,user-emp2-335,2
no_autorizado,1441,2026,1,user-emp2-336,2
no_autorizado,1481,2026,2,user-emp2-337,2
no_autorizado,1521,2026,3,user-emp2-338,2
no_autorizado,1561,2026,4,user-emp2-339,2
no_autorizado,1601,2026,1,user-emp2-340,2
no_autorizado,1641,2026,2,user-emp2-341,2
no_autorizado,1681,2026,3,user-emp2-342,2
no_autorizado,1721,2026,4,user-emp2-343,2
no_autorizado,1761,2026,1,user-emp2-344,2
no_autorizado,1801,2026,2,user-emp2-345,2
no_autorizado,1841,2026,3,user-emp2-346,2
no_autorizado,1881,2026,4,user-emp2-347,2
no_autorizado,1921,2026,1,user-emp2-348,2
no_autorizado,1961,2026,2,user-emp2-349,2
no_autorizado,2001,2026,3,user-emp2-350,2
no_autorizado,2041,2026,4,user-emp2-351,2
no_autorizado,2081,2026,1,user-emp2-352,2
no_autorizado,2121,2026,2,user-emp2-353,2
no_autorizado,2161,2026,3,user-emp2-354,2
no_autorizado,2201,2026,4,user-emp2-355,2
no_autorizado,2241,2026,1,user-emp2-356,2
no_autorizado,2281,2026,2,user-emp2-357,2
no_autorizado,2321,2026,3,user-emp2-358,2
no_autorizado,2361,2026,4,user-emp2-359,2
no_autorizado,2401,2026,1,user-emp2-360,2
no_autorizado,2441,2026,2,user-emp2-361,2
no_autorizado,2481,2026,3,user-emp2-362,2
no_autorizado,2521,2026,4,user-emp2-363,2
no_autorizado,2561,2026,1,user-emp2-364,2
no_autorizado,2601,2026,2,user-emp2-365,2
no_autorizado,2641,2026,3,user-emp2-366,2
no_autorizado,2681,2026,4,user-emp2-367,2
no_autorizado,2721,2026,1,user-emp2-368,2
no_autorizado,2761,2026,2,user-emp2-369,2
no_autorizado,2801,2026,3,user-emp2-370,2
no_autorizado,2841,2026,4,user-emp2-371,2
no_autorizado,2881,2026,1,user-emp2-372,2
no_autorizado,2921,2026,2,user-emp2-373,2
no_autorizado,2961,2026,3,user-emp2-374,2
no_autorizado,1,2026,4,user-emp2-375,2
no_autorizado,41,2026,1,user-emp2-376,2
no_autorizado,81,2026,2,user-emp2-377,2
no_autorizado,121,2026,3,user-emp2-378,2
no_autorizado,161,2026,4,user-emp2-379,2
no_autorizado,201,2026,1,user-emp2-380,2
no_autorizado,241,2026,2,user-emp2-381,2
no_autorizado,281,2026,3,user-emp2-382,2
no_autorizado,321,2026,4,user-emp2-383,2
no_autorizado,361,2026,1,user-emp2-384,2
no_autorizado,401,2026,2,user-emp2-385,2
no_autorizado,441,2026,3,user-emp2-386,2
no_autorizado,481,2026,4,user-emp2-387,2
no_autorizado,521,2026,1,user-emp2-388,2
no_autorizado,561,2026,2,user-emp2-389,2
no_autorizado,601,2026,3,user-emp2-390,2
no_autorizado,641,2026,4,user-emp2-391,2
no_autorizado,681,2026,1,user-emp2-392,2
no_autorizado,721,2026,2,user-emp2-393,2
no_autorizado,761,2026,3,user-emp2-394,2
no_autorizado,801,2026,4,user-emp2-395,2
no_autorizado,841,2026,1,user-emp2-396,2
no_autorizado,881,2026,2,user-emp2-397,2
no_autorizado,921,2026,3,user-emp2-398,2
no_autorizado,961,2026,4,user-emp2-399,2
no_autorizado,1001,2026,1,user-emp2-400,2
no_autorizado,1041,2026,2,user-emp2-401,2
no_autorizado,1081,2026,3,user-emp2-402,2
no_autorizado,1121,2026,4,user-emp2-403,2
no_autorizado,1161,2026,1,user-emp2-404,2
no_autorizado,1201,2026,2,user-emp2-405,2
no_autorizado,1241,2026,3,user-emp2-406,2
no_autorizado,1281,2026,4,user-emp2-407,2
no_autorizado,1321,2026,1,user-emp2-408,2
no_autorizado,1361,2026,2,user-emp2-409,2
no_autorizado,1401,2026,3,user-emp2-410,2
no_autorizado,1441,2026,4,user-emp2-411,2
no_autorizado,1481,2026,1,user-emp2-412,2
no_autorizado,1521,2026,2,user-emp2-413,2
no_autorizado,1561,2026,3,user-emp2-414,2
no_autorizado,1601,2026,4,user-emp2-415,2
no_autorizado,1641,2026,1,user-emp2-416,2
no_autorizado,1681,2026,2,user-emp2-417,2
no_autorizado,1721,2026,3,user-emp2-418,2
no_autorizado,1761,2026,4,user-emp2-419,2
no_autorizado,1801,2026,1,user-emp2-420,2
no_autorizado,1841,2026,2,user-emp2-421,2
no_autorizado,1881,2026,3,user-emp2-422,2
no_autorizado,1921,2026,4,user-emp2-423,2
no_autorizado,1961,2026,1,user-emp2-424,2
no_autorizado,2001,2026,2,user-emp2-425,2
no_autorizado,2041,2026,3,user-emp2-426,2
no_autorizado,2081,2026,4,user-emp2-427,2
no_autorizado,2121,2026,1,user-emp2-428,2
no_autorizado,2161,2026,2,user-emp2-429,2
no_autorizado,2201,2026,3,user-emp2-430,2
no_autorizado,2241,2026,4,user-emp2-431,2
no_autorizado,2281,2026,1,user-emp2-432,2
no_autorizado,2321,2026,2,user-emp2-433,2
no_autorizado,2361,2026,3,user-emp2-434,2
no_autorizado,2401,2026,4,user-emp2-435,2
no_autorizado,2441,2026,1,user-emp2-436,2
no_autorizado,2481,2026,2,user-emp2-437,2
no_autorizado,2521,2026,3,user-emp2-438,2
no_autorizado,2561,2026,4,user-emp2-439,2
no_autorizado,2601,2026,1,user-emp2-440,2
no_autorizado,2641,2026,2,user-emp2-441,2
no_autorizado,2681,2026,3,user-emp2-442,2
no_autorizado,2721,2026,4,user-emp2-443,2
no_autorizado,2761,2026,1,user-emp2-444,2
no_autorizado,2801,2026,2,user-emp2-445,2
no_autorizado,2841,2026,3,user-emp2-446,2
no_autorizado,2881,2026,4,user-emp2-447,2
no_autorizado,2921,2026,1,user-emp2-448,2
no_autorizado,2961,2026,2,user-emp2-449,2
no_autorizado,1,2026,3,user-emp2-450,2
no_autorizado,41,2026,4,user-emp2-451,2
no_autorizado,81,2026,1,user-emp2-452,2
no_autorizado,121,2026,2,user-emp2-453,2
no_autorizado,161,2026,3,user-emp2-454,2
no_autorizado,201,2026,4,user-emp2-455,2
no_autorizado,241,2026,1,user-emp2-456,2
no_autorizado,281,2026,2,user-emp2-457,2
no_autorizado,321,2026,3,user-emp2-458,2
no_autorizado,361,2026,4,user-emp2-459,2
no_autorizado,401,2026,1,user-emp2-460,2
no_autorizado,441,2026,2,user-emp2-461,2
no_autorizado,481,2026,3,user-emp2-462,2
no_autorizado,521,2026,4,user-emp2-463,2
no_autorizado,561,2026,1,user-emp2-464,2
no_autorizado,601,2026,2,user-emp2-465,2
no_autorizado,641,2026,3,user-emp2-466,2
no_autorizado,681,2026,4,user-emp2-467,2
no_autorizado,721,2026,1,user-emp2-468,2
no_autorizado,761,2026,2,user-emp2-469,2
no_autorizado,801,2026,3,user-emp2-470,2
no_autorizado,841,2026,4,user-emp2-471,2
no_autorizado,881,2026,1,user-emp2-472,2
no_autorizado,921,2026,2,user-emp2-473,2
no_autorizado,961,2026,3,user-emp2-474,2
no_autorizado,1001,2026,4,user-emp2-475,2
no_autorizado,1041,2026,1,user-emp2-476,2
no_autorizado,1081,2026,2,user-emp2-477,2
no_autorizado,1121,2026,3,user-emp2-478,2
no_autorizado,1161,2026,4,user-emp2-479,2
no_autorizado,1201,2026,1,user-emp2-480,2
no_autorizado,1241,2026,2,user-emp2-481,2
no_autorizado,1281,2026,3,user-emp2-482,2
no_autorizado,1321,2026,4,user-emp2-483,2
no_autorizado,1361,2026,1,user-emp2-484,2
no_autorizado,1401,2026,2,user-emp2-485,2
no_autorizado,1441,2026,3,user-emp2-486,2
no_autorizado,1481,2026,4,user-emp2-487,2
no_autorizado,1521,2026,1,user-emp2-488,2
no_autorizado,1561,2026,2,user-emp2-489,2
no_autorizado,1601,2026,3,user-emp2-490,2
no_autorizado,1641,2026,4,user-emp2-491,2
no_autorizado,1681,2026,1,user-emp2-492,2
no_autorizado,1721,2026,2,user-emp2-493,2
no_autorizado,1761,2026,3,user-emp2-494,2
no_autorizado,1801,2026,4,user-emp2-495,2
no_autorizado,1841,2026,1,user-emp2-496,2
no_autorizado,1881,2026,2,user-emp2-497,2
no_autorizado,1921,2026,3,user-emp2-498,2
no_autorizado,1961,2026,4,user-emp2-499,2
no_autorizado,2001,2026,1,user-emp2-500,2
no_autorizado,2041,2026,2,user-emp2-501,2
no_autorizado,2081,2026,3,user-emp2-502,2
no_autorizado,2121,2026,4,user-emp2-503,2
no_autorizado,2161,2026,1,user-emp2-504,2
no_autorizado,2201,2026,2,user-emp2-505,2
no_autorizado,2241,2026,3,user-emp2-506,2
no_autorizado,2281,2026,4,user-emp2-507,2
no_autorizado,2321,2026,1,user-emp2-508,2
no_autorizado,2361,2026,2,user-emp2-509,2
no_autorizado,2401,2026,3,user-emp2-510,2
no_autorizado,2441,2026,4,user-emp2-511,2
no_autorizado,2481,2026,1,user-emp2-512,2
no_autorizado,2521,2026,2,user-emp2-513,2
no_autorizado,2561,2026,3,user-emp2-514,2
no_autorizado,2601,2026,4,user-emp2-515,2
no_autorizado,2641,2026,1,user-emp2-516,2
no_autorizado,2681,2026,2,user-emp2-517,2
no_autorizado,2721,2026,3,user-emp2-518,2
no_autorizado,2761,2026,4,user-emp2-519,2
no_autorizado,2801,2026,1,user-emp2-520,2
no_autorizado,2841,2026,2,user-emp2-521,2
no_autorizado,2881,2026,3,user-emp2-522,2
no_autorizado,2921,2026,4,user-emp2-523,2
no_autorizado,2961,2026,1,user-emp2-524,2
no_autorizado,1,2026,2,user-emp2-525,2
no_autorizado,41,2026,3,user-emp2-526,2
no_autorizado,81,2026,4,user-emp2-527,2
no_autorizado,121,2026,1,user-emp2-528,2
no_autorizado,161,2026,2,user-emp2-529,2
no_autorizado,201,2026,3,user-emp2-530,2
no_autorizado,241,2026,4,user-emp2-531,2
no_autorizado,281,2026,1,user-emp2-532,2
no_autorizado,321,2026,2,user-emp2-533,2
no_autorizado,361,2026,3,user-emp2-534,2
no_autorizado,401,2026,4,user-emp2-535,2
no_autorizado,441,2026,1,user-emp2-536,2
no_autorizado,481,2026,2,user-emp2-537,2
no_autorizado,521,2026,3,user-emp2-538,2
no_autorizado,561,2026,4,user-emp2-539,2
no_autorizado,601,2026,1,user-emp2-540,2
no_autorizado,641,2026,2,user-emp2-541,2
no_autorizado,681,2026,3,user-emp2-542,2
no_autorizado,721,2026,4,user-emp2-543,2
no_autorizado,761,2026,1,user-emp2-544,2
no_autorizado,801,2026,2,user-emp2-545,2
no_autorizado,841,2026,3,user-emp2-546,2
no_autorizado,881,2026,4,user-emp2-547,2
no_autorizado,921,2026,1,user-emp2-548,2
no_autorizado,961,2026,2,user-emp2-549,2
no_autorizado,1001,2026,3,user-emp2-550,2
no_autorizado,1041,2026,4,user-emp2-551,2
no_autorizado,1081,2026,1,user-emp2-552,2
no_autorizado,1121,2026,2,user-emp2-553,2
no_autorizado,1161,2026,3,user-emp2-554,2
no_autorizado,1201,2026,4,user-emp2-555,2
no_autorizado,1241,2026,1,user-emp2-556,2
no_autorizado,1281,2026,2,user-emp2-557,2
no_autorizado,1321,2026,3,user-emp2-558,2
no_autorizado,1361,2026,4,user-emp2-559,2
no_autorizado,1401,2026,1,user-emp2-560,2
no_autorizado,1441,2026,2,user-emp2-561,2
no_autorizado,1481,2026,3,user-emp2-562,2
no_autorizado,1521,2026,4,user-emp2-563,2
no_autorizado,1561,2026,1,user-emp2-564,2
no_autorizado,1601,2026,2,user-emp2-565,2
no_autorizado,1641,2026,3,user-emp2-566,2
no_autorizado,1681,2026,4,user-emp2-567,2
no_autorizado,1721,2026,1,user-emp2-568,2
no_autorizado,1761,2026,2,user-emp2-569,2
no_autorizado,1801,2026,3,user-emp2-570,2
no_autorizado,1841,2026,4,user-emp2-571,2
no_autorizado,1881,2026,1,user-emp2-572,2
no_autorizado,1921,2026,2,user-emp2-573,2
no_autorizado,1961,2026,3,user-emp2-574,2
no_autorizado,2001,2026,4,user-emp2-575,2
no_autorizado,2041,2026,1,user-emp2-576,2
no_autorizado,2081,2026,2,user-emp2-577,2
no_autorizado,2121,2026,3,user-emp2-578,2
no_autorizado,2161,2026,4,user-emp2-579,2
no_autorizado,2201,2026,1,user-emp2-580,2
no_autorizado,2241,2026,2,user-emp2-581,2
no_autorizado,2281,2026,3,user-emp2-582,2
no_autorizado,2321,2026,4,user-emp2-583,2
no_autorizado,2361,2026,1,user-emp2-584,2
no_autorizado,2401,2026,2,user-emp2-585,2
no_autorizado,2441,2026,3,user-emp2-586,2
no_autorizado,2481,2026,4,user-emp2-587,2
no_autorizado,2521,2026,1,user-emp2-588,2
no_autorizado,2561,2026,2,user-emp2-589,2
no_autorizado,2601,2026,3,user-emp2-590,2
no_autorizado,2641,2026,4,user-emp2-591,2
no_autorizado,2681,2026,1,user-emp2-592,2
no_autorizado,2721,2026,2,user-emp2-593,2
no_autorizado,2761,2026,3,user-emp2-594,2
no_autorizado,2801,2026,4,user-emp2-595,2
no_autorizado,2841,2026,1,user-emp2-596,2
no_autorizado,2881,2026,2,user-emp2-597,2
no_autorizado,2921,2026,3,user-emp2-598,2
no_autorizado,2961,2026,4,user-emp2-599,2
no_autorizado,1,2026,1,user-emp2-600,2
no_autorizado,41,2026,2,user-emp2-601,2
no_autorizado,81,2026,3,user-emp2-602,2
no_autorizado,121,2026,4,user-emp2-603,2
no_autorizado,161,2026,1,user-emp2-604,2
no_autorizado,201,2026,2,user-emp2-605,2
no_autorizado,241,2026,3,user-emp2-606,2
no_autorizado,281,2026,4,user-emp2-607,2
no_autorizado,321,2026,1,user-emp2-608,2
no_autorizado,361,2026,2,user-emp2-609,2
no_autorizado,401,2026,3,user-emp2-610,2
no_autorizado,441,2026,4,user-emp2-611,2
no_autorizado,481,2026,1,user-emp2-612,2
no_autorizado,521,2026,2,user-emp2-613,2
no_autorizado,561,2026,3,user-emp2-614,2
no_autorizado,601,2026,4,user-emp2-615,2
no_autorizado,641,2026,1,user-emp2-616,2
no_autorizado,681,2026,2,user-emp2-617,2
no_autorizado,721,2026,3,user-emp2-618,2
no_autorizado,761,2026,4,user-emp2-619,2
no_autorizado,801,2026,1,user-emp2-620,2
no_autorizado,841,2026,2,user-emp2-621,2
no_autorizado,881,2026,3,user-emp2-622,2
no_autorizado,921,2026,4,user-emp2-623,2
no_autorizado,961,2026,1,user-emp2-624,2
no_autorizado,1001,2026,2,user-emp2-625,2
no_autorizado,1041,2026,3,user-emp2-626,2
no_autorizado,1081,2026,4,user-emp2-627,2
no_autorizado,1121,2026,1,user-emp2-628,2
no_autorizado,1161,2026,2,user-emp2-629,2
no_autorizado,1201,2026,3,user-emp2-630,2
no_autorizado,1241,2026,4,user-emp2-631,2
no_autorizado,1281,2026,1,user-emp2-632,2
no_autorizado,1321,2026,2,user-emp2-633,2
no_autorizado,1361,2026,3,user-emp2-634,2
no_autorizado,1401,2026,4,user-emp2-635,2
no_autorizado,1441,2026,1,user-emp2-636,2
no_autorizado,1481,2026,2,user-emp2-637,2
no_autorizado,1521,2026,3,user-emp2-638,2
no_autorizado,1561,2026,4,user-emp2-639,2
no_autorizado,1601,2026,1,user-emp2-640,2
no_autorizado,1641,2026,2,user-emp2-641,2
no_autorizado,1681,2026,3,user-emp2-642,2
no_autorizado,1721,2026,4,user-emp2-643,2
no_autorizado,1761,2026,1,user-emp2-644,2
no_autorizado,1801,2026,2,user-emp2-645,2
no_autorizado,1841,2026,3,user-emp2-646,2
no_autorizado,1881,2026,4,user-emp2-647,2
no_autorizado,1921,2026,1,user-emp2-648,2
no_autorizado,1961,2026,2,user-emp2-649,2
no_autorizado,2001,2026,3,user-emp2-650,2
no_autorizado,2041,2026,4,user-emp2-651,2
no_autorizado,2081,2026,1,user-emp2-652,2
no_autorizado,2121,2026,2,user-emp2-653,2
no_autorizado,2161,2026,3,user-emp2-654,2
no_autorizado,2201,2026,4,user-emp2-655,2
no_autorizado,2241,2026,1,user-emp2-656,2
no_autorizado,2281,2026,2,user-emp2-657,2
no_autorizado,2321,2026,3,user-emp2-658,2
no_autorizado,2361,2026,4,user-emp2-659,2
no_autorizado,2401,2026,1,user-emp2-660,2
no_autorizado,2441,2026,2,user-emp2-661,2
no_autorizado,2481,2026,3,user-emp2-662,2
no_autorizado,2521,2026,4,user-emp2-663,2
no_autorizado,2561,2026,1,user-emp2-664,2
no_autorizado,2601,2026,2,user-emp2-665,2
no_autorizado,2641,2026,3,user-emp2-666,2
no_autorizado,2681,2026,4,user-emp2-667,2
no_autorizado,2721,2026,1,user-emp2-668,2
no_autorizado,2761,2026,2,user-emp2-669,2
no_autorizado,2801,2026,3,user-emp2-670,2
no_autorizado,2841,2026,4,user-emp2-671,2
no_autorizado,2881,2026,1,user-emp2-672,2
no_autorizado,2921,2026,2,user-emp2-673,2
no_autorizado,2961,2026,3,user-emp2-674,2
no_autorizado,1,2026,4,user-emp2-675,2
no_autorizado,41,2026,1,user-emp2-676,2
no_autorizado,81,2026,2,user-emp2-677,2
no_autorizado,121,2026,3,user-emp2-678,2
no_autorizado,161,2026,4,user-emp2-679,2
no_autorizado,201,2026,1,user-emp2-680,2
no_autorizado,241,2026,2,user-emp2-681,2
no_autorizado,281,2026,3,user-emp2-682,2
no_autorizado,321,2026,4,user-emp2-683,2
no_autorizado,361,2026,1,user-emp2-684,2
no_autorizado,401,2026,2,user-emp2-685,2
no_autorizado,441,2026,3,user-emp2-686,2
no_autorizado,481,2026,4,user-emp2-687,2
no_autorizado,521,2026,1,user-emp2-688,2
no_autorizado,561,2026,2,user-emp2-689,2
no_autorizado,601,2026,3,user-emp2-690,2
no_autorizado,641,2026,4,user-emp2-691,2
no_autorizado,681,2026,1,user-emp2-692,2
no_autorizado,721,2026,2,user-emp2-693,2
no_autorizado,761,2026,3,user-emp2-694,2
no_autorizado,801,2026,4,user-emp2-695,2
no_autorizado,841,2026,1,user-emp2-696,2
no_autorizado,881,2026,2,user-emp2-697,2
no_autorizado,921,2026,3,user-emp2-698,2
no_autorizado,961,2026,4,user-emp2-699,2
no_autorizado,1001,2026,1,user-emp2-700,2
no_autorizado,1041,2026,2,user-emp2-701,2
no_autorizado,1081,2026,3,user-emp2-702,2
no_autorizado,1121,2026,4,user-emp2-703,2
no_autorizado,1161,2026,1,user-emp2-704,2
no_autorizado,1201,2026,2,user-emp2-705,2
no_autorizado,1241,2026,3,user-emp2-706,2
no_autorizado,1281,2026,4,user-emp2-707,2
no_autorizado,1321,2026,1,user-emp2-708,2
no_autorizado,1361,2026,2,user-emp2-709,2
no_autorizado,1401,2026,3,user-emp2-710,2
no_autorizado,1441,2026,4,user-emp2-711,2
no_autorizado,1481,2026,1,user-emp2-712,2
no_autorizado,1521,2026,2,user-emp2-713,2
no_autorizado,1561,2026,3,user-emp2-714,2
no_autorizado,1601,2026,4,user-emp2-715,2
no_autorizado,1641,2026,1,user-emp2-716,2
no_autorizado,1681,2026,2,user-emp2-717,2
no_autorizado,1721,2026,3,user-emp2-718,2
no_autorizado,1761,2026,4,user-emp2-719,2
no_autorizado,1801,2026,1,user-emp2-720,2
no_autorizado,1841,2026,2,user-emp2-721,2
no_autorizado,1881,2026,3,user-emp2-722,2
no_autorizado,1921,2026,4,user-emp2-723,2
no_autorizado,1961,2026,1,user-emp2-724,2
no_autorizado,2001,2026,2,user-emp2-725,2
no_autorizado,2041,2026,3,user-emp2-726,2
no_autorizado,2081,2026,4,user-emp2-727,2
no_autorizado,2121,2026,1,user-emp2-728,2
no_autorizado,2161,2026,2,user-emp2-729,2
no_autorizado,2201,2026,3,user-emp2-730,2
no_autorizado,2241,2026,4,user-emp2-731,2
no_autorizado,2281,2026,1,user-emp2-732,2
no_autorizado,2321,2026,2,user-emp2-733,2
no_autorizado,2361,2026,3,user-emp2-734,2
no_autorizado,2401,2026,4,user-emp2-735,2
no_autorizado,2441,2026,1,user-emp2-736,2
no_autorizado,2481,2026,2,user-emp2-737,2
no_autorizado,2521,2026,3,user-emp2-738,2
no_autorizado,2561,2026,4,user-emp2-739,2
no_autorizado,2601,2026,1,user-emp2-740,2
no_autorizado,2641,2026,2,user-emp2-741,2
no_autorizado,2681,2026,3,user-emp2-742,2
no_autorizado,2721,2026,4,user-emp2-743,2
no_autorizado,2761,2026,1,user-emp2-744,2
no_autorizado,2801,2026,2,user-emp2-745,2
no_autorizado,2841,2026,3,user-emp2-746,2
no_autorizado,2881,2026,4,user-emp2-747,2
no_autorizado,2921,2026,1,user-emp2-748,2
no_autorizado,2961,2026,2,user-emp2-749,2
no_autorizado,1,2026,3,user-emp2-750,2
no_autorizado,41,2026,4,user-emp2-751,2
no_autorizado,81,2026,1,user-emp2-752,2
no_autorizado,121,2026,2,user-emp2-753,2
no_autorizado,161,2026,3,user-emp2-754,2
no_autorizado,201,2026,4,user-emp2-755,2
no_autorizado,241,2026,1,user-emp2-756,2
no_autorizado,281,2026,2,user-emp2-757,2
no_autorizado,321,2026,3,user-emp2-758,2
no_autorizado,361,2026,4,user-emp2-759,2
no_autorizado,401,2026,1,user-emp2-760,2
no_autorizado,441,2026,2,user-emp2-761,2
no_autorizado,481,2026,3,user-emp2-762,2
no_autorizado,521,2026,4,user-emp2-763,2
no_autorizado,561,2026,1,user-emp2-764,2
no_autorizado,601,2026,2,user-emp2-765,2
no_autorizado,641,2026,3,user-emp2-766,2
no_autorizado,681,2026,4,user-emp2-767,2
no_autorizado,721,2026,1,user-emp2-768,2
no_autorizado,761,2026,2,user-emp2-769,2
no_autorizado,801,2026,3,user-emp2-770,2
no_autorizado,841,2026,4,user-emp2-771,2
no_autorizado,881,2026,1,user-emp2-772,2
no_autorizado,921,2026,2,user-emp2-773,2
no_autorizado,961,2026,3,user-emp2-774,2
no_autorizado,1001,2026,4,user-emp2-775,2
no_autorizado,1041,2026,1,user-emp2-776,2
no_autorizado,1081,2026,2,user-emp2-777,2
no_autorizado,1121,2026,3,user-emp2-778,2
no_autorizado,1161,2026,4,user-emp2-779,2
no_autorizado,1201,2026,1,user-emp2-780,2
no_autorizado,1241,2026,2,user-emp2-781,2
no_autorizado,1281,2026,3,user-emp2-782,2
no_autorizado,1321,2026,4,user-emp2-783,2
no_autorizado,1361,2026,1,user-emp2-784,2
no_autorizado,1401,2026,2,user-emp2-785,2
no_autorizado,1441,2026,3,user-emp2-786,2
no_autorizado,1481,2026,4,user-emp2-787,2
no_autorizado,1521,2026,1,user-emp2-788,2
no_autorizado,1561,2026,2,user-emp2-789,2
no_autorizado,1601,2026,3,user-emp2-790,2
no_autorizado,1641,2026,4,user-emp2-791,2
no_autorizado,1681,2026,1,user-emp2-792,2
no_autorizado,1721,2026,2,user-emp2-793,2
no_autorizado,1761,2026,3,user-emp2-794,2
no_autorizado,1801,2026,4,user-emp2-795,2
no_autorizado,1841,2026,1,user-emp2-796,2
no_autorizado,1881,2026,2,user-emp2-797,2
no_autorizado,1921,2026,3,user-emp2-798,2
no_autorizado,1961,2026,4,user-emp2-799,2
no_autorizado,2001,2026,1,user-emp2-800,2
no_autorizado,2041,2026,2,user-emp2-801,2
no_autorizado,2081,2026,3,user-emp2-802,2
no_autorizado,2121,2026,4,user-emp2-803,2
no_autorizado,2161,2026,1,user-emp2-804,2
no_autorizado,2201,2026,2,user-emp2-805,2
no_autorizado,2241,2026,3,user-emp2-806,2
no_autorizado,2281,2026,4,user-emp2-807,2
no_autorizado,2321,2026,1,user-emp2-808,2
no_autorizado,2361,2026,2,user-emp2-809,2
no_autorizado,2401,2026,3,user-emp2-810,2
no_autorizado,2441,2026,4,user-emp2-811,2
no_autorizado,2481,2026,1,user-emp2-812,2
no_autorizado,2521,2026,2,user-emp2-813,2
no_autorizado,2561,2026,3,user-emp2-814,2
no_autorizado,2601,2026,4,user-emp2-815,2
no_autorizado,2641,2026,1,user-emp2-816,2
no_autorizado,2681,2026,2,user-emp2-817,2
no_autorizado,2721,2026,3,user-emp2-818,2
no_autorizado,2761,2026,4,user-emp2-819,2
no_autorizado,2801,2026,1,user-emp2-820,2
no_autorizado,2841,2026,2,user-emp2-821,2
no_autorizado,2881,2026,3,user-emp2-822,2
no_autorizado,2921,2026,4,user-emp2-823,2
no_autorizado,2961,2026,1,user-emp2-824,2
no_autorizado,1,2026,2,user-emp2-825,2
no_autorizado,41,2026,3,user-emp2-826,2
no_autorizado,81,2026,4,user-emp2-827,2
no_autorizado,121,2026,1,user-emp2-828,2
no_autorizado,161,2026,2,user-emp2-829,2
no_autorizado,201,2026,3,user-emp2-830,2
no_autorizado,241,2026,4,user-emp2-831,2
no_autorizado,281,2026,1,user-emp2-832,2
no_autorizado,321,2026,2,user-emp2-833,2
no_autorizado,361,2026,3,user-emp2-834,2
no_autorizado,401,2026,4,user-emp2-835,2
no_autorizado,441,2026,1,user-emp2-836,2
no_autorizado,481,2026,2,user-emp2-837,2
no_autorizado,521,2026,3,user-emp2-838,2
no_autorizado,561,2026,4,user-emp2-839,2
no_autorizado,601,2026,1,user-emp2-840,2
no_autorizado,641,2026,2,user-emp2-841,2
no_autorizado,681,2026,3,user-emp2-842,2
no_autorizado,721,2026,4,user-emp2-843,2
no_autorizado,761,2026,1,user-emp2-844,2
no_autorizado,801,2026,2,user-emp2-845,2
no_autorizado,841,2026,3,user-emp2-846,2
no_autorizado,881,2026,4,user-emp2-847,2
no_autorizado,921,2026,1,user-emp2-848,2
no_autorizado,961,2026,2,user-emp2-849,2
no_autorizado,1001,2026,3,user-emp2-850,2
no_autorizado,1041,2026,4,user-emp2-851,2
no_autorizado,1081,2026,1,user-emp2-852,2
no_autorizado,1121,2026,2,user-emp2-853,2
no_autorizado,1161,2026,3,user-emp2-854,2
no_autorizado,1201,2026,4,user-emp2-855,2
no_autorizado,1241,2026,1,user-emp2-856,2
no_autorizado,1281,2026,2,user-emp2-857,2
no_autorizado,1321,2026,3,user-emp2-858,2
no_autorizado,1361,2026,4,user-emp2-859,2
no_autorizado,1401,2026,1,user-emp2-860,2
no_autorizado,1441,2026,2,user-emp2-861,2
no_autorizado,1481,2026,3,user-emp2-862,2
no_autorizado,1521,2026,4,user-emp2-863,2
no_autorizado,1561,2026,1,user-emp2-864,2
no_autorizado,1601,2026,2,user-emp2-865,2
no_autorizado,1641,2026,3,user-emp2-866,2
no_autorizado,1681,2026,4,user-emp2-867,2
no_autorizado,1721,2026,1,user-emp2-868,2
no_autorizado,1761,2026,2,user-emp2-869,2
no_autorizado,1801,2026,3,user-emp2-870,2
no_autorizado,1841,2026,4,user-emp2-871,2
no_autorizado,1881,2026,1,user-emp2-872,2
no_autorizado,1921,2026,2,user-emp2-873,2
no_autorizado,1961,2026,3,user-emp2-874,2
no_autorizado,2001,2026,4,user-emp2-875,2
no_autorizado,2041,2026,1,user-emp2-876,2
no_autorizado,2081,2026,2,user-emp2-877,2
no_autorizado,2121,2026,3,user-emp2-878,2
no_autorizado,2161,2026,4,user-emp2-879,2
no_autorizado,2201,2026,1,user-emp2-880,2
no_autorizado,2241,2026,2,user-emp2-881,2
no_autorizado,2281,2026,3,user-emp2-882,2
no_autorizado,2321,2026,4,user-emp2-883,2
no_autorizado,2361,2026,1,user-emp2-884,2
no_autorizado,2401,2026,2,user-emp2-885,2
no_autorizado,2441,2026,3,user-emp2-886,2
no_autorizado,2481,2026,4,user-emp2-887,2
no_autorizado,2521,2026,1,user-emp2-888,2
no_autorizado,2561,2026,2,user-emp2-889,2
no_autorizado,2601,2026,3,user-emp2-890,2
no_autorizado,2641,2026,4,user-emp2-891,2
no_autorizado,2681,2026,1,user-emp2-892,2
no_autorizado,2721,2026,2,user-emp2-893,2
no_autorizado,2761,2026,3,user-emp2-894,2
no_autorizado,2801,2026,4,user-emp2-895,2
no_autorizado,2841,2026,1,user-emp2-896,2
no_autorizado,2881,2026,2,user-emp2-897,2
no_autorizado,2921,2026,3,user-emp2-898,2
no_autorizado,2961,2026,4,user-emp2-899,2
no_autorizado,1,2026,1,user-emp2-900,2
no_autorizado,41,2026,2,user-emp2-901,2
no_autorizado,81,2026,3,user-emp2-902,2
no_autorizado,121,2026,4,user-emp2-903,2
no_autorizado,161,2026,1,user-emp2-904,2
no_autorizado,201,2026,2,user-emp2-905,2
no_autorizado,241,2026,3,user-emp2-906,2
no_autorizado,281,2026,4,user-emp2-907,2
no_autorizado,321,2026,1,user-emp2-908,2
no_autorizado,361,2026,2,user-emp2-909,2
no_autorizado,401,2026,3,user-emp2-910,2
no_autorizado,441,2026,4,user-emp2-911,2
no_autorizado,481,2026,1,user-emp2-912,2
no_autorizado,521,2026,2,user-emp2-913,2
no_autorizado,561,2026,3,user-emp2-914,2
no_autorizado,601,2026,4,user-emp2-915,2
no_autorizado,641,2026,1,user-emp2-916,2
no_autorizado,681,2026,2,user-emp2-917,2
no_autorizado,721,2026,3,user-emp2-918,2
no_autorizado,761,2026,4,user-emp2-919,2
no_autorizado,801,2026,1,user-emp2-920,2
no_autorizado,841,2026,2,user-emp2-921,2
no_autorizado,881,2026,3,user-emp2-922,2
no_autorizado,921,2026,4,user-emp2-923,2
no_autorizado,961,2026,1,user-emp2-924,2
no_autorizado,1001,2026,2,user-emp2-925,2
no_autorizado,1041,2026,3,user-emp2-926,2
no_autorizado,1081,2026,4,user-emp2-927,2
no_autorizado,1121,2026,1,user-emp2-928,2
no_autorizado,1161,2026,2,user-emp2-929,2
no_autorizado,1201,2026,3,user-emp2-930,2
no_autorizado,1241,2026,4,user-emp2-931,2
no_autorizado,1281,2026,1,user-emp2-932,2
no_autorizado,1321,2026,2,user-emp2-933,2
no_autorizado,1361,2026,3,user-emp2-934,2
no_autorizado,1401,2026,4,user-emp2-935,2
no_autorizado,1441,2026,1,user-emp2-936,2
no_autorizado,1481,2026,2,user-emp2-937,2
no_autorizado,1521,2026,3,user-emp2-938,2
no_autorizado,1561,2026,4,user-emp2-939,2
no_autorizado,1601,2026,1,user-emp2-940,2
no_autorizado,1641,2026,2,user-emp2-941,2
no_autorizado,1681,2026,3,user-emp2-942,2
no_autorizado,1721,2026,4,user-emp2-943,2
no_autorizado,1761,2026,1,user-emp2-944,2
no_autorizado,1801,2026,2,user-emp2-945,2
no_autorizado,1841,2026,3,user-emp2-946,2
no_autorizado,1881,2026,4,user-emp2-947,2
no_autorizado,1921,2026,1,user-emp2-948,2
no_autorizado,1961,2026,2,user-emp2-949,2
no_autorizado,2001,2026,3,user-emp2-950,2
no_autorizado,2041,2026,4,user-emp2-951,2
no_autorizado,2081,2026,1,user-emp2-952,2
no_autorizado,2121,2026,2,user-emp2-953,2
no_autorizado,2161,2026,3,user-emp2-954,2
no_autorizado,2201,2026,4,user-emp2-955,2
no_autorizado,2241,2026,1,user-emp2-956,2
no_autorizado,2281,2026,2,user-emp2-957,2
no_autorizado,2321,2026,3,user-emp2-958,2
no_autorizado,2361,2026,4,user-emp2-959,2
no_autorizado,2401,2026,1,user-emp2-960,2
no_autorizado,2441,2026,2,user-emp2-961,2
no_autorizado,2481,2026,3,user-emp2-962,2
no_autorizado,2521,2026,4,user-emp2-963,2
no_autorizado,2561,2026,1,user-emp2-964,2
no_autorizado,2601,2026,2,user-emp2-965,2
no_autorizado,2641,2026,3,user-emp2-966,2
no_autorizado,2681,2026,4,user-emp2-967,2
no_autorizado,2721,2026,1,user-emp2-968,2
no_autorizado,2761,2026,2,user-emp2-969,2
no_autorizado,2801,2026,3,user-emp2-970,2
no_autorizado,2841,2026,4,user-emp2-971,2
no_autorizado,2881,2026,1,user-emp2-972,2
no_autorizado,2921,2026,2,user-emp2-973,2
no_autorizado,2961,2026,3,user-emp2-974,2
no_autorizado,1,2026,4,user-emp2-975,2
no_autorizado,41,2026,1,user-emp2-976,2
no_autorizado,81,2026,2,user-emp2-977,2
no_autorizado,121,2026,3,user-emp2-978,2
no_autorizado,161,2026,4,user-emp2-979,2
no_autorizado,201,2026,1,user-emp2-980,2
no_autorizado,241,2026,2,user-emp2-981,2
no_autorizado,281,2026,3,user-emp2-982,2
no_autorizado,321,2026,4,user-emp2-983,2
no_autorizado,361,2026,1,user-emp2-984,2
no_autorizado,401,2026,2,user-emp2-985,2
no_autorizado,441,2026,3,user-emp2-986,2
no_autorizado,481,2026,4,user-emp2-987,2
no_autorizado,521,2026,1,user-emp2-988,2
no_autorizado,561,2026,2,user-emp2-989,2
no_autorizado,601,2026,3,user-emp2-990,2
no_autorizado,641,2026,4,user-emp2-991,2
no_autorizado,681,2026,1,user-emp2-992,2
no_autorizado,721,2026,2,user-emp2-993,2
no_autorizado,761,2026,3,user-emp2-994,2
no_autorizado,801,2026,4,user-emp2-995,2
no_autorizado,841,2026,1,user-emp2-996,2
no_autorizado,881,2026,2,user-emp2-997,2
no_autorizado,921,2026,3,user-emp2-998,2
no_autorizado,961,2026,4,user-emp2-999,2
no_autorizado,1001,2026,1,user-emp2-1000,2
no_autorizado,1041,2026,2,user-emp2-1001,2
no_autorizado,1081,2026,3,user-emp2-1002,2
no_autorizado,1121,2026,4,user-emp2-1003,2
no_autorizado,1161,2026,1,user-emp2-1004,2
no_autorizado,1201,2026,2,user-emp2-1005,2
no_autorizado,1241,2026,3,user-emp2-1006,2
no_autorizado,1281,2026,4,user-emp2-1007,2
no_autorizado,1321,2026,1,user-emp2-1008,2
no_autorizado,1361,2026,2,user-emp2-1009,2
no_autorizado,1401,2026,3,user-emp2-1010,2
no_autorizado,1441,2026,4,user-emp2-1011,2
no_autorizado,1481,2026,1,user-emp2-1012,2
no_autorizado,1521,2026,2,user-emp2-1013,2
no_autorizado,1561,2026,3,user-emp2-1014,2
no_autorizado,1601,2026,4,user-emp2-1015,2
no_autorizado,1641,2026,1,user-emp2-1016,2
no_autorizado,1681,2026,2,user-emp2-1017,2
no_autorizado,1721,2026,3,user-emp2-1018,2
no_autorizado,1761,2026,4,user-emp2-1019,2
no_autorizado,1801,2026,1,user-emp2-1020,2
no_autorizado,1841,2026,2,user-emp2-1021,2
no_autorizado,1881,2026,3,user-emp2-1022,2
no_autorizado,1921,2026,4,user-emp2-1023,2
no_autorizado,1961,2026,1,user-emp2-1024,2
no_autorizado,2001,2026,2,user-emp2-1025,2
no_autorizado,2041,2026,3,user-emp2-1026,2
no_autorizado,2081,2026,4,user-emp2-1027,2
no_autorizado,2121,2026,1,user-emp2-1028,2
no_autorizado,2161,2026,2,user-emp2-1029,2
no_autorizado,2201,2026,3,user-emp2-1030,2
no_autorizado,2241,2026,4,user-emp2-1031,2
no_autorizado,2281,2026,1,user-emp2-1032,2
no_autorizado,2321,2026,2,user-emp2-1033,2
no_autorizado,2361,2026,3,user-emp2-1034,2
no_autorizado,2401,2026,4,user-emp2-1035,2
no_autorizado,2441,2026,1,user-emp2-1036,2
no_autorizado,2481,2026,2,user-emp2-1037,2
no_autorizado,2521,2026,3,user-emp2-1038,2
no_autorizado,2561,2026,4,user-emp2-1039,2
no_autorizado,2601,2026,1,user-emp2-1040,2
no_autorizado,2641,2026,2,user-emp2-1041,2
no_autorizado,2681,2026,3,user-emp2-1042,2
no_autorizado,2721,2026,4,user-emp2-1043,2
no_autorizado,2761,2026,1,user-emp2-1044,2
no_autorizado,2801,2026,2,user-emp2-1045,2
no_autorizado,2841,2026,3,user-emp2-1046,2
no_autorizado,2881,2026,4,user-emp2-1047,2
no_autorizado,2921,2026,1,user-emp2-1048,2
no_autorizado,2961,2026,2,user-emp2-1049,2
no_autorizado,1,2026,3,user-emp2-1050,2
no_autorizado,41,2026,4,user-emp2-1051,2
no_autorizado,81,2026,1,user-emp2-1052,2
no_autorizado,121,2026,2,user-emp2-1053,2
no_autorizado,161,2026,3,user-emp2-1054,2
no_autorizado,201,2026,4,user-emp2-1055,2
no_autorizado,241,2026,1,user-emp2-1056,2
no_autorizado,281,2026,2,user-emp2-1057,2
no_autorizado,321,2026,3,user-emp2-1058,2
no_autorizado,361,2026,4,user-emp2-1059,2
no_autorizado,401,2026,1,user-emp2-1060,2
no_autorizado,441,2026,2,user-emp2-1061,2
no_autorizado,481,2026,3,user-emp2-1062,2
no_autorizado,521,2026,4,user-emp2-1063,2
no_autorizado,561,2026,1,user-emp2-1064,2
no_autorizado,601,2026,2,user-emp2-1065,2
no_autorizado,641,2026,3,user-emp2-1066,2
no_autorizado,681,2026,4,user-emp2-1067,2
no_autorizado,721,2026,1,user-emp2-1068,2
no_autorizado,761,2026,2,user-emp2-1069,2
no_autorizado,801,2026,3,user-emp2-1070,2
no_autorizado,841,2026,4,user-emp2-1071,2
no_autorizado,881,2026,1,user-emp2-1072,2
no_autorizado,921,2026,2,user-emp2-1073,2
no_autorizado,961,2026,3,user-emp2-1074,2
no_autorizado,1001,2026,4,user-emp2-1075,2
no_autorizado,1041,2026,1,user-emp2-1076,2
no_autorizado,1081,2026,2,user-emp2-1077,2
no_autorizado,1121,2026,3,user-emp2-1078,2
no_autorizado,1161,2026,4,user-emp2-1079,2
no_autorizado,1201,2026,1,user-emp2-1080,2
no_autorizado,1241,2026,2,user-emp2-1081,2
no_autorizado,1281,2026,3,user-emp2-1082,2
no_autorizado,1321,2026,4,user-emp2-1083,2
no_autorizado,1361,2026,1,user-emp2-1084,2
no_autorizado,1401,2026,2,user-emp2-1085,2
no_autorizado,1441,2026,3,user-emp2-1086,2
no_autorizado,1481,2026,4,user-emp2-1087,2
no_autorizado,1521,2026,1,user-emp2-1088,2
no_autorizado,1561,2026,2,user-emp2-1089,2
no_autorizado,1601,2026,3,user-emp2-1090,2
no_autorizado,1641,2026,4,user-emp2-1091,2
no_autorizado,1681,2026,1,user-emp2-1092,2
no_autorizado,1721,2026,2,user-emp2-1093,2
no_autorizado,1761,2026,3,user-emp2-1094,2
no_autorizado,1801,2026,4,user-emp2-1095,2
no_autorizado,1841,2026,1,user-emp2-1096,2
no_autorizado,1881,2026,2,user-emp2-1097,2
no_autorizado,1921,2026,3,user-emp2-1098,2
no_autorizado,1961,2026,4,user-emp2-1099,2
no_autorizado,2001,2026,1,user-emp2-1100,2
no_autorizado,2041,2026,2,user-emp2-1101,2
no_autorizado,2081,2026,3,user-emp2-1102,2
no_autorizado,2121,2026,4,user-emp2-1103,2
no_autorizado,2161,2026,1,user-emp2-1104,2
no_autorizado,2201,2026,2,user-emp2-1105,2
no_autorizado,2241,2026,3,user-emp2-1106,2
no_autorizado,2281,2026,4,user-emp2-1107,2
no_autorizado,2321,2026,1,user-emp2-1108,2
no_autorizado,2361,2026,2,user-emp2-1109,2
no_autorizado,2401,2026,3,user-emp2-1110,2
no_autorizado,2441,2026,4,user-emp2-1111,2
no_autorizado,2481,2026,1,user-emp2-1112,2
no_autorizado,2521,2026,2,user-emp2-1113,2
no_autorizado,2561,2026,3,user-emp2-1114,2
no_autorizado,2601,2026,4,user-emp2-1115,2
no_autorizado,2641,2026,1,user-emp2-1116,2
no_autorizado,2681,2026,2,user-emp2-1117,2
no_autorizado,2721,2026,3,user-emp2-1118,2
no_autorizado,2761,2026,4,user-emp2-1119,2
no_autorizado,2801,2026,1,user-emp2-1120,2
no_autorizado,2841,2026,2,user-emp2-1121,2
no_autorizado,2881,2026,3,user-emp2-1122,2
no_autorizado,2921,2026,4,user-emp2-1123,2
no_autorizado,2961,2026,1,user-emp2-1124,2
no_autorizado,1,2026,2,user-emp2-1125,2
no_autorizado,41,2026,3,user-emp2-1126,2
no_autorizado,81,2026,4,user-emp2-1127,2
no_autorizado,121,2026,1,user-emp2-1128,2
no_autorizado,161,2026,2,user-emp2-1129,2
no_autorizado,201,2026,3,user-emp2-1130,2
no_autorizado,241,2026,4,user-emp2-1131,2
no_autorizado,281,2026,1,user-emp2-1132,2
no_autorizado,321,2026,2,user-emp2-1133,2
no_autorizado,361,2026,3,user-emp2-1134,2
no_autorizado,401,2026,4,user-emp2-1135,2
no_autorizado,441,2026,1,user-emp2-1136,2
no_autorizado,481,2026,2,user-emp2-1137,2
no_autorizado,521,2026,3,user-emp2-1138,2
no_autorizado,561,2026,4,user-emp2-1139,2
no_autorizado,601,2026,1,user-emp2-1140,2
no_autorizado,641,2026,2,user-emp2-1141,2
no_autorizado,681,2026,3,user-emp2-1142,2
no_autorizado,721,2026,4,user-emp2-1143,2
no_autorizado,761,2026,1,user-emp2-1144,2
no_autorizado,801,2026,2,user-emp2-1145,2
no_autorizado,841,2026,3,user-emp2-1146,2
no_autorizado,881,2026,4,user-emp2-1147,2
no_autorizado,921,2026,1,user-emp2-1148,2
no_autorizado,961,2026,2,user-emp2-1149,2
no_autorizado,1001,2026,3,user-emp2-1150,2
no_autorizado,1041,2026,4,user-emp2-1151,2
no_autorizado,1081,2026,1,user-emp2-1152,2
no_autorizado,1121,2026,2,user-emp2-1153,2
no_autorizado,1161,2026,3,user-emp2-1154,2
no_autorizado,1201,2026,4,user-emp2-1155,2
no_autorizado,1241,2026,1,user-emp2-1156,2
no_autorizado,1281,2026,2,user-emp2-1157,2
no_autorizado,1321,2026,3,user-emp2-1158,2
no_autorizado,1361,2026,4,user-emp2-1159,2
no_autorizado,1401,2026,1,user-emp2-1160,2
no_autorizado,1441,2026,2,user-emp2-1161,2
no_autorizado,1481,2026,3,user-emp2-1162,2
no_autorizado,1521,2026,4,user-emp2-1163,2
no_autorizado,1561,2026,1,user-emp2-1164,2
no_autorizado,1601,2026,2,user-emp2-1165,2
no_autorizado,1641,2026,3,user-emp2-1166,2
no_autorizado,1681,2026,4,user-emp2-1167,2
no_autorizado,1721,2026,1,user-emp2-1168,2
no_autorizado,1761,2026,2,user-emp2-1169,2
no_autorizado,1801,2026,3,user-emp2-1170,2
no_autorizado,1841,2026,4,user-emp2-1171,2
no_autorizado,1881,2026,1,user-emp2-1172,2
no_autorizado,1921,2026,2,user-emp2-1173,2
no_autorizado,1961,2026,3,user-emp2-1174,2
no_autorizado,2001,2026,4,user-emp2-1175,2
no_autorizado,2041,2026,1,user-emp2-1176,2
no_autorizado,2081,2026,2,user-emp2-1177,2
no_autorizado,2121,2026,3,user-emp2-1178,2
no_autorizado,2161,2026,4,user-emp2-1179,2
no_autorizado,2201,2026,1,user-emp2-1180,2
no_autorizado,2241,2026,2,user-emp2-1181,2
no_autorizado,2281,2026,3,user-emp2-1182,2
no_autorizado,2321,2026,4,user-emp2-1183,2
no_autorizado,2361,2026,1,user-emp2-1184,2
no_autorizado,2401,2026,2,user-emp2-1185,2
no_autorizado,2441,2026,3,user-emp2-1186,2
no_autorizado,2481,2026,4,user-emp2-1187,2
no_autorizado,2521,2026,1,user-emp2-1188,2
no_autorizado,2561,2026,2,user-emp2-1189,2
no_autorizado,2601,2026,3,user-emp2-1190,2
no_autorizado,2641,2026,4,user-emp2-1191,2
no_autorizado,2681,2026,1,user-emp2-1192,2
no_autorizado,2721,2026,2,user-emp2-1193,2
no_autorizado,2761,2026,3,user-emp2-1194,2
no_autorizado,2801,2026,4,user-emp2-1195,2
no_autorizado,2841,2026,1,user-emp2-1196,2
no_autorizado,2881,2026,2,user-emp2-1197,2
no_autorizado,2921,2026,3,user-emp2-1198,2
no_autorizado,2961,2026,4,user-emp2-1199,2
no_autorizado,1,2026,1,user-emp2-1200,2
no_autorizado,41,2026,2,user-emp2-1201,2
no_autorizado,81,2026,3,user-emp2-1202,2
no_autorizado,121,2026,4,user-emp2-1203,2
no_autorizado,161,2026,1,user-emp2-1204,2
no_autorizado,201,2026,2,user-emp2-1205,2
no_autorizado,241,2026,3,user-emp2-1206,2
no_autorizado,281,2026,4,user-emp2-1207,2
no_autorizado,321,2026,1,user-emp2-1208,2
no_autorizado,361,2026,2,user-emp2-1209,2
no_autorizado,401,2026,3,user-emp2-1210,2
no_autorizado,441,2026,4,user-emp2-1211,2
no_autorizado,481,2026,1,user-emp2-1212,2
no_autorizado,521,2026,2,user-emp2-1213,2
no_autorizado,561,2026,3,user-emp2-1214,2
no_autorizado,601,2026,4,user-emp2-1215,2
no_autorizado,641,2026,1,user-emp2-1216,2
no_autorizado,681,2026,2,user-emp2-1217,2
no_autorizado,721,2026,3,user-emp2-1218,2
no_autorizado,761,2026,4,user-emp2-1219,2
no_autorizado,801,2026,1,user-emp2-1220,2
no_autorizado,841,2026,2,user-emp2-1221,2
no_autorizado,881,2026,3,user-emp2-1222,2
no_autorizado,921,2026,4,user-emp2-1223,2
no_autorizado,961,2026,1,user-emp2-1224,2
no_autorizado,1001,2026,2,user-emp2-1225,2
no_autorizado,1041,2026,3,user-emp2-1226,2
no_autorizado,1081,2026,4,user-emp2-1227,2
no_autorizado,1121,2026,1,user-emp2-1228,2
no_autorizado,1161,2026,2,user-emp2-1229,2
no_autorizado,1201,2026,3,user-emp2-1230,2
no_autorizado,1241,2026,4,user-emp2-1231,2
no_autorizado,1281,2026,1,user-emp2-1232,2
no_autorizado,1321,2026,2,user-emp2-1233,2
no_autorizado,1361,2026,3,user-emp2-1234,2
no_autorizado,1401,2026,4,user-emp2-1235,2
no_autorizado,1441,2026,1,user-emp2-1236,2
no_autorizado,1481,2026,2,user-emp2-1237,2
no_autorizado,1521,2026,3,user-emp2-1238,2
no_autorizado,1561,2026,4,user-emp2-1239,2
no_autorizado,1601,2026,1,user-emp2-1240,2
no_autorizado,1641,2026,2,user-emp2-1241,2
no_autorizado,1681,2026,3,user-emp2-1242,2
no_autorizado,1721,2026,4,user-emp2-1243,2
no_autorizado,1761,2026,1,user-emp2-1244,2
no_autorizado,1801,2026,2,user-emp2-1245,2
no_autorizado,1841,2026,3,user-emp2-1246,2
no_autorizado,1881,2026,4,user-emp2-1247,2
no_autorizado,1921,2026,1,user-emp2-1248,2
no_autorizado,1961,2026,2,user-emp2-1249,2
no_autorizado,2001,2026,3,user-emp2-1250,2
no_autorizado,2041,2026,4,user-emp2-1251,2
no_autorizado,2081,2026,1,user-emp2-1252,2
no_autorizado,2121,2026,2,user-emp2-1253,2
no_autorizado,2161,2026,3,user-emp2-1254,2
no_autorizado,2201,2026,4,user-emp2-1255,2
no_autorizado,2241,2026,1,user-emp2-1256,2
no_autorizado,2281,2026,2,user-emp2-1257,2
no_autorizado,2321,2026,3,user-emp2-1258,2
no_autorizado,2361,2026,4,user-emp2-1259,2
no_autorizado,2401,2026,1,user-emp2-1260,2
no_autorizado,2441,2026,2,user-emp2-1261,2
no_autorizado,2481,2026,3,user-emp2-1262,2
no_autorizado,2521,2026,4,user-emp2-1263,2
no_autorizado,2561,2026,1,user-emp2-1264,2
no_autorizado,2601,2026,2,user-emp2-1265,2
no_autorizado,2641,2026,3,user-emp2-1266,2
no_autorizado,2681,2026,4,user-emp2-1267,2
no_autorizado,2721,2026,1,user-emp2-1268,2
no_autorizado,2761,2026,2,user-emp2-1269,2
no_autorizado,2801,2026,3,user-emp2-1270,2
no_autorizado,2841,2026,4,user-emp2-1271,2
no_autorizado,2881,2026,1,user-emp2-1272,2
no_autorizado,2921,2026,2,user-emp2-1273,2
no_autorizado,2961,2026,3,user-emp2-1274,2
no_autorizado,1,2026,4,user-emp2-1275,2
no_autorizado,41,2026,1,user-emp2-1276,2
no_autorizado,81,2026,2,user-emp2-1277,2
no_autorizado,121,2026,3,user-emp2-1278,2
no_autorizado,161,2026,4,user-emp2-1279,2
no_autorizado,201,2026,1,user-emp2-1280,2
no_autorizado,241,2026,2,user-emp2-1281,2
no_autorizado,281,2026,3,user-emp2-1282,2
no_autorizado,321,2026,4,user-emp2-1283,2
no_autorizado,361,2026,1,user-emp2-1284,2
no_autorizado,401,2026,2,user-emp2-1285,2
no_autorizado,441,2026,3,user-emp2-1286,2
no_autorizado,481,2026,4,user-emp2-1287,2
no_autorizado,521,2026,1,user-emp2-1288,2
no_autorizado,561,2026,2,user-emp2-1289,2
no_autorizado,601,2026,3,user-emp2-1290,2
no_autorizado,641,2026,4,user-emp2-1291,2
no_autorizado,681,2026,1,user-emp2-1292,2
no_autorizado,721,2026,2,user-emp2-1293,2
no_autorizado,761,2026,3,user-emp2-1294,2
no_autorizado,801,2026,4,user-emp2-1295,2
no_autorizado,841,2026,1,user-emp2-1296,2
no_autorizado,881,2026,2,user-emp2-1297,2
no_autorizado,921,2026,3,user-emp2-1298,2
no_autorizado,961,2026,4,user-emp2-1299,2
no_autorizado,1001,2026,1,user-emp2-1300,2
no_autorizado,1041,2026,2,user-emp2-1301,2
no_autorizado,1081,2026,3,user-emp2-1302,2
no_autorizado,1121,2026,4,user-emp2-1303,2
no_autorizado,1161,2026,1,user-emp2-1304,2
no_autorizado,1201,2026,2,user-emp2-1305,2
no_autorizado,1241,2026,3,user-emp2-1306,2
no_autorizado,1281,2026,4,user-emp2-1307,2
no_autorizado,1321,2026,1,user-emp2-1308,2
no_autorizado,1361,2026,2,user-emp2-1309,2
no_autorizado,1401,2026,3,user-emp2-1310,2
no_autorizado,1441,2026,4,user-emp2-1311,2
no_autorizado,1481,2026,1,user-emp2-1312,2
no_autorizado,1521,2026,2,user-emp2-1313,2
no_autorizado,1561,2026,3,user-emp2-1314,2
no_autorizado,1601,2026,4,user-emp2-1315,2
no_autorizado,1641,2026,1,user-emp2-1316,2
no_autorizado,1681,2026,2,user-emp2-1317,2
no_autorizado,1721,2026,3,user-emp2-1318,2
no_autorizado,1761,2026,4,user-emp2-1319,2
no_autorizado,1801,2026,1,user-emp2-1320,2
no_autorizado,1841,2026,2,user-emp2-1321,2
no_autorizado,1881,2026,3,user-emp2-1322,2
no_autorizado,1921,2026,4,user-emp2-1323,2
no_autorizado,1961,2026,1,user-emp2-1324,2
no_autorizado,2001,2026,2,user-emp2-1325,2
no_autorizado,2041,2026,3,user-emp2-1326,2
no_autorizado,2081,2026,4,user-emp2-1327,2
no_autorizado,2121,2026,1,user-emp2-1328,2
no_autorizado,2161,2026,2,user-emp2-1329,2
no_autorizado,2201,2026,3,user-emp2-1330,2
no_autorizado,2241,2026,4,user-emp2-1331,2
no_autorizado,2281,2026,1,user-emp2-1332,2
no_autorizado,2321,2026,2,user-emp2-1333,2
no_autorizado,2361,2026,3,user-emp2-1334,2
no_autorizado,2401,2026,4,user-emp2-1335,2
no_autorizado,2441,2026,1,user-emp2-1336,2
no_autorizado,2481,2026,2,user-emp2-1337,2
no_autorizado,2521,2026,3,user-emp2-1338,2
no_autorizado,2561,2026,4,user-emp2-1339,2
no_autorizado,2601,2026,1,user-emp2-1340,2
no_autorizado,2641,2026,2,user-emp2-1341,2
no_autorizado,2681,2026,3,user-emp2-1342,2
no_autorizado,2721,2026,4,user-emp2-1343,2
no_autorizado,2761,2026,1,user-emp2-1344,2
no_autorizado,2801,2026,2,user-emp2-1345,2
no_autorizado,2841,2026,3,user-emp2-1346,2
no_autorizado,2881,2026,4,user-emp2-1347,2
no_autorizado,2921,2026,1,user-emp2-1348,2
no_autorizado,2961,2026,2,user-emp2-1349,2
no_autorizado,1,2026,3,user-emp2-1350,2
no_autorizado,41,2026,4,user-emp2-1351,2
no_autorizado,81,2026,1,user-emp2-1352,2
no_autorizado,121,2026,2,user-emp2-1353,2
no_autorizado,161,2026,3,user-emp2-1354,2
no_autorizado,201,2026,4,user-emp2-1355,2
no_autorizado,241,2026,1,user-emp2-1356,2
no_autorizado,281,2026,2,user-emp2-1357,2
no_autorizado,321,2026,3,user-emp2-1358,2
no_autorizado,361,2026,4,user-emp2-1359,2
no_autorizado,401,2026,1,user-emp2-1360,2
no_autorizado,441,2026,2,user-emp2-1361,2
no_autorizado,481,2026,3,user-emp2-1362,2
no_autorizado,521,2026,4,user-emp2-1363,2
no_autorizado,561,2026,1,user-emp2-1364,2
no_autorizado,601,2026,2,user-emp2-1365,2
no_autorizado,641,2026,3,user-emp2-1366,2
no_autorizado,681,2026,4,user-emp2-1367,2
no_autorizado,721,2026,1,user-emp2-1368,2
no_autorizado,761,2026,2,user-emp2-1369,2
no_autorizado,801,2026,3,user-emp2-1370,2
no_autorizado,841,2026,4,user-emp2-1371,2
no_autorizado,881,2026,1,user-emp2-1372,2
no_autorizado,921,2026,2,user-emp2-1373,2
no_autorizado,961,2026,3,user-emp2-1374,2
no_autorizado,1001,2026,4,user-emp2-1375,2
no_autorizado,1041,2026,1,user-emp2-1376,2
no_autorizado,1081,2026,2,user-emp2-1377,2
no_autorizado,1121,2026,3,user-emp2-1378,2
no_autorizado,1161,2026,4,user-emp2-1379,2
no_autorizado,1201,2026,1,user-emp2-1380,2
no_autorizado,1241,2026,2,user-emp2-1381,2
no_autorizado,1281,2026,3,user-emp2-1382,2
no_autorizado,1321,2026,4,user-emp2-1383,2
no_autorizado,1361,2026,1,user-emp2-1384,2
no_autorizado,1401,2026,2,user-emp2-1385,2
no_autorizado,1441,2026,3,user-emp2-1386,2
no_autorizado,1481,2026,4,user-emp2-1387,2
no_autorizado,1521,2026,1,user-emp2-1388,2
no_autorizado,1561,2026,2,user-emp2-1389,2
no_autorizado,1601,2026,3,user-emp2-1390,2
no_autorizado,1641,2026,4,user-emp2-1391,2
no_autorizado,1681,2026,1,user-emp2-1392,2
no_autorizado,1721,2026,2,user-emp2-1393,2
no_autorizado,1761,2026,3,user-emp2-1394,2
no_autorizado,1801,2026,4,user-emp2-1395,2
no_autorizado,1841,2026,1,user-emp2-1396,2
no_autorizado,1881,2026,2,user-emp2-1397,2
no_autorizado,1921,2026,3,user-emp2-1398,2
no_autorizado,1961,2026,4,user-emp2-1399,2
no_autorizado,2001,2026,1,user-emp2-1400,2
no_autorizado,2041,2026,2,user-emp2-1401,2
no_autorizado,2081,2026,3,user-emp2-1402,2
no_autorizado,2121,2026,4,user-emp2-1403,2
no_autorizado,2161,2026,1,user-emp2-1404,2
no_autorizado,2201,2026,2,user-emp2-1405,2
no_autorizado,2241,2026,3,user-emp2-1406,2
no_autorizado,2281,2026,4,user-emp2-1407,2
no_autorizado,2321,2026,1,user-emp2-1408,2
no_autorizado,2361,2026,2,user-emp2-1409,2
no_autorizado,2401,2026,3,user-emp2-1410,2
no_autorizado,2441,2026,4,user-emp2-1411,2
no_autorizado,2481,2026,1,user-emp2-1412,2
no_autorizado,2521,2026,2,user-emp2-1413,2
no_autorizado,2561,2026,3,user-emp2-1414,2
no_autorizado,2601,2026,4,user-emp2-1415,2
no_autorizado,2641,2026,1,user-emp2-1416,2
no_autorizado,2681,2026,2,user-emp2-1417,2
no_autorizado,2721,2026,3,user-emp2-1418,2
no_autorizado,2761,2026,4,user-emp2-1419,2
no_autorizado,2801,2026,1,user-emp2-1420,2
no_autorizado,2841,2026,2,user-emp2-1421,2
no_autorizado,2881,2026,3,user-emp2-1422,2
no_autorizado,2921,2026,4,user-emp2-1423,2
no_autorizado,2961,2026,1,user-emp2-1424,2
no_autorizado,1,2026,2,user-emp2-1425,2
no_autorizado,41,2026,3,user-emp2-1426,2
no_autorizado,81,2026,4,user-emp2-1427,2
no_autorizado,121,2026,1,user-emp2-1428,2
no_autorizado,161,2026,2,user-emp2-1429,2
no_autorizado,201,2026,3,user-emp2-1430,2
no_autorizado,241,2026,4,user-emp2-1431,2
no_autorizado,281,2026,1,user-emp2-1432,2
no_autorizado,321,2026,2,user-emp2-1433,2
no_autorizado,361,2026,3,user-emp2-1434,2
no_autorizado,401,2026,4,user-emp2-1435,2
no_autorizado,441,2026,1,user-emp2-1436,2
no_autorizado,481,2026,2,user-emp2-1437,2
no_autorizado,521,2026,3,user-emp2-1438,2
no_autorizado,561,2026,4,user-emp2-1439,2
no_autorizado,601,2026,1,user-emp2-1440,2
no_autorizado,641,2026,2,user-emp2-1441,2
no_autorizado,681,2026,3,user-emp2-1442,2
no_autorizado,721,2026,4,user-emp2-1443,2
no_autorizado,761,2026,1,user-emp2-1444,2
no_autorizado,801,2026,2,user-emp2-1445,2
no_autorizado,841,2026,3,user-emp2-1446,2
no_autorizado,881,2026,4,user-emp2-1447,2
no_autorizado,921,2026,1,user-emp2-1448,2
no_autorizado,961,2026,2,user-emp2-1449,2
no_autorizado,1001,2026,3,user-emp2-1450,2
no_autorizado,1041,2026,4,user-emp2-1451,2
no_autorizado,1081,2026,1,user-emp2-1452,2
no_autorizado,1121,2026,2,user-emp2-1453,2
no_autorizado,1161,2026,3,user-emp2-1454,2
no_autorizado,1201,2026,4,user-emp2-1455,2
no_autorizado,1241,2026,1,user-emp2-1456,2
no_autorizado,1281,2026,2,user-emp2-1457,2
no_autorizado,1321,2026,3,user-emp2-1458,2
no_autorizado,1361,2026,4,user-emp2-1459,2
no_autorizado,1401,2026,1,user-emp2-1460,2
no_autorizado,1441,2026,2,user-emp2-1461,2
no_autorizado,1481,2026,3,user-emp2-1462,2
no_autorizado,1521,2026,4,user-emp2-1463,2
no_autorizado,1561,2026,1,user-emp2-1464,2
no_autorizado,1601,2026,2,user-emp2-1465,2
no_autorizado,1641,2026,3,user-emp2-1466,2
no_autorizado,1681,2026,4,user-emp2-1467,2
no_autorizado,1721,2026,1,user-emp2-1468,2
no_autorizado,1761,2026,2,user-emp2-1469,2
no_autorizado,1801,2026,3,user-emp2-1470,2
no_autorizado,1841,2026,4,user-emp2-1471,2
no_autorizado,1881,2026,1,user-emp2-1472,2
no_autorizado,1921,2026,2,user-emp2-1473,2
no_autorizado,1961,2026,3,user-emp2-1474,2
no_autorizado,2001,2026,4,user-emp2-1475,2
no_autorizado,2041,2026,1,user-emp2-1476,2
no_autorizado,2081,2026,2,user-emp2-1477,2
no_autorizado,2121,2026,3,user-emp2-1478,2
no_autorizado,2161,2026,4,user-emp2-1479,2
no_autorizado,2201,2026,1,user-emp2-1480,2
no_autorizado,2241,2026,2,user-emp2-1481,2
no_autorizado,2281,2026,3,user-emp2-1482,2
no_autorizado,2321,2026,4,user-emp2-1483,2
no_autorizado,2361,2026,1,user-emp2-1484,2
no_autorizado,2401,2026,2,user-emp2-1485,2
no_autorizado,2441,2026,3,user-emp2-1486,2
no_autorizado,2481,2026,4,user-emp2-1487,2
no_autorizado,2521,2026,1,user-emp2-1488,2
no_autorizado,2561,2026,2,user-emp2-1489,2
no_autorizado,2601,2026,3,user-emp2-1490,2
no_autorizado,2641,2026,4,user-emp2-1491,2
no_autorizado,2681,2026,1,user-emp2-1492,2
no_autorizado,2721,2026,2,user-emp2-1493,2
no_autorizado,2761,2026,3,user-emp2-1494,2
no_autorizado,2801,2026,4,user-emp2-1495,2
no_autorizado,2841,2026,1,user-emp2-1496,2
no_autorizado,2881,2026,2,user-emp2-1497,2
no_autorizado,2921,2026,3,user-emp2-1498,2
no_autorizado,2961,2026,4,user-emp2-1499,2
no_autorizado,1,2026,1,user-emp2-1500,2
no_autorizado,41,2026,2,user-emp2-1501,2
no_autorizado,81,2026,3,user-emp2-1502,2
no_autorizado,121,2026,4,user-emp2-1503,2
no_autorizado,161,2026,1,user-emp2-1504,2
no_autorizado,201,2026,2,user-emp2-1505,2
no_autorizado,241,2026,3,user-emp2-1506,2
no_autorizado,281,2026,4,user-emp2-1507,2
no_autorizado,321,2026,1,user-emp2-1508,2
no_autorizado,361,2026,2,user-emp2-1509,2
no_autorizado,401,2026,3,user-emp2-1510,2
no_autorizado,441,2026,4,user-emp2-1511,2
no_autorizado,481,2026,1,user-emp2-1512,2
no_autorizado,521,2026,2,user-emp2-1513,2
no_autorizado,561,2026,3,user-emp2-1514,2
no_autorizado,601,2026,4,user-emp2-1515,2
no_autorizado,641,2026,1,user-emp2-1516,2
no_autorizado,681,2026,2,user-emp2-1517,2
no_autorizado,721,2026,3,user-emp2-1518,2
no_autorizado,761,2026,4,user-emp2-1519,2
no_autorizado,801,2026,1,user-emp2-1520,2
no_autorizado,841,2026,2,user-emp2-1521,2
no_autorizado,881,2026,3,user-emp2-1522,2
no_autorizado,921,2026,4,user-emp2-1523,2
no_autorizado,961,2026,1,user-emp2-1524,2
no_autorizado,1001,2026,2,user-emp2-1525,2
no_autorizado,1041,2026,3,user-emp2-1526,2
no_autorizado,1081,2026,4,user-emp2-1527,2
no_autorizado,1121,2026,1,user-emp2-1528,2
no_autorizado,1161,2026,2,user-emp2-1529,2
no_autorizado,1201,2026,3,user-emp2-1530,2
no_autorizado,1241,2026,4,user-emp2-1531,2
no_autorizado,1281,2026,1,user-emp2-1532,2
no_autorizado,1321,2026,2,user-emp2-1533,2
no_autorizado,1361,2026,3,user-emp2-1534,2
no_autorizado,1401,2026,4,user-emp2-1535,2
no_autorizado,1441,2026,1,user-emp2-1536,2
no_autorizado,1481,2026,2,user-emp2-1537,2
no_autorizado,1521,2026,3,user-emp2-1538,2
no_autorizado,1561,2026,4,user-emp2-1539,2
no_autorizado,1601,2026,1,user-emp2-1540,2
no_autorizado,1641,2026,2,user-emp2-1541,2
no_autorizado,1681,2026,3,user-emp2-1542,2
no_autorizado,1721,2026,4,user-emp2-1543,2
no_autorizado,1761,2026,1,user-emp2-1544,2
no_autorizado,1801,2026,2,user-emp2-1545,2
no_autorizado,1841,2026,3,user-emp2-1546,2
no_autorizado,1881,2026,4,user-emp2-1547,2
no_autorizado,1921,2026,1,user-emp2-1548,2
no_autorizado,1961,2026,2,user-emp2-1549,2
no_autorizado,2001,2026,3,user-emp2-1550,2
no_autorizado,2041,2026,4,user-emp2-1551,2
no_autorizado,2081,2026,1,user-emp2-1552,2
no_autorizado,2121,2026,2,user-emp2-1553,2
no_autorizado,2161,2026,3,user-emp2-1554,2
no_autorizado,2201,2026,4,user-emp2-1555,2
no_autorizado,2241,2026,1,user-emp2-1556,2
no_autorizado,2281,2026,2,user-emp2-1557,2
no_autorizado,2321,2026,3,user-emp2-1558,2
no_autorizado,2361,2026,4,user-emp2-1559,2
no_autorizado,2401,2026,1,user-emp2-1560,2
no_autorizado,2441,2026,2,user-emp2-1561,2
no_autorizado,2481,2026,3,user-emp2-1562,2
no_autorizado,2521,2026,4,user-emp2-1563,2
no_autorizado,2561,2026,1,user-emp2-1564,2
no_autorizado,2601,2026,2,user-emp2-1565,2
no_autorizado,2641,2026,3,user-emp2-1566,2
no_autorizado,2681,2026,4,user-emp2-1567,2
no_autorizado,2721,2026,1,user-emp2-1568,2
no_autorizado,2761,2026,2,user-emp2-1569,2
no_autorizado,2801,2026,3,user-emp2-1570,2
no_autorizado,2841,2026,4,user-emp2-1571,2
no_autorizado,2881,2026,1,user-emp2-1572,2
no_autorizado,2921,2026,2,user-emp2-1573,2
no_autorizado,2961,2026,3,user-emp2-1574,2
no_autorizado,1,2026,4,user-emp2-1575,2
no_autorizado,41,2026,1,user-emp2-1576,2
no_autorizado,81,2026,2,user-emp2-1577,2
no_autorizado,121,2026,3,user-emp2-1578,2
no_autorizado,161,2026,4,user-emp2-1579,2
no_autorizado,201,2026,1,user-emp2-1580,2
no_autorizado,241,2026,2,user-emp2-1581,2
no_autorizado,281,2026,3,user-emp2-1582,2
no_autorizado,321,2026,4,user-emp2-1583,2
no_autorizado,361,2026,1,user-emp2-1584,2
no_autorizado,401,2026,2,user-emp2-1585,2
no_autorizado,441,2026,3,user-emp2-1586,2
no_autorizado,481,2026,4,user-emp2-1587,2
no_autorizado,521,2026,1,user-emp2-1588,2
no_autorizado,561,2026,2,user-emp2-1589,2
no_autorizado,601,2026,3,user-emp2-1590,2
no_autorizado,641,2026,4,user-emp2-1591,2
no_autorizado,681,2026,1,user-emp2-1592,2
no_autorizado,721,2026,2,user-emp2-1593,2
no_autorizado,761,2026,3,user-emp2-1594,2
no_autorizado,801,2026,4,user-emp2-1595,2
no_autorizado,841,2026,1,user-emp2-1596,2
no_autorizado,881,2026,2,user-emp2-1597,2
no_autorizado,921,2026,3,user-emp2-1598,2
no_autorizado,961,2026,4,user-emp2-1599,2
no_autorizado,1001,2026,1,user-emp2-1600,2
no_autorizado,1041,2026,2,user-emp2-1601,2
no_autorizado,1081,2026,3,user-emp2-1602,2
no_autorizado,1121,2026,4,user-emp2-1603,2
no_autorizado,1161,2026,1,user-emp2-1604,2
no_autorizado,1201,2026,2,user-emp2-1605,2
no_autorizado,1241,2026,3,user-emp2-1606,2
no_autorizado,1281,2026,4,user-emp2-1607,2
no_autorizado,1321,2026,1,user-emp2-1608,2
no_autorizado,1361,2026,2,user-emp2-1609,2
no_autorizado,1401,2026,3,user-emp2-1610,2
no_autorizado,1441,2026,4,user-emp2-1611,2
no_autorizado,1481,2026,1,user-emp2-1612,2
no_autorizado,1521,2026,2,user-emp2-1613,2
no_autorizado,1561,2026,3,user-emp2-1614,2
no_autorizado,1601,2026,4,user-emp2-1615,2
no_autorizado,1641,2026,1,user-emp2-1616,2
no_autorizado,1681,2026,2,user-emp2-1617,2
no_autorizado,1721,2026,3,user-emp2-1618,2
no_autorizado,1761,2026,4,user-emp2-1619,2
no_autorizado,1801,2026,1,user-emp2-1620,2
no_autorizado,1841,2026,2,user-emp2-1621,2
no_autorizado,1881,2026,3,user-emp2-1622,2
no_autorizado,1921,2026,4,user-emp2-1623,2
no_autorizado,1961,2026,1,user-emp2-1624,2
no_autorizado,2001,2026,2,user-emp2-1625,2
no_autorizado,2041,2026,3,user-emp2-1626,2
no_autorizado,2081,2026,4,user-emp2-1627,2
no_autorizado,2121,2026,1,user-emp2-1628,2
no_autorizado,2161,2026,2,user-emp2-1629,2
no_autorizado,2201,2026,3,user-emp2-1630,2
no_autorizado,2241,2026,4,user-emp2-1631,2
no_autorizado,2281,2026,1,user-emp2-1632,2
no_autorizado,2321,2026,2,user-emp2-1633,2
no_autorizado,2361,2026,3,user-emp2-1634,2
no_autorizado,2401,2026,4,user-emp2-1635,2
no_autorizado,2441,2026,1,user-emp2-1636,2
no_autorizado,2481,2026,2,user-emp2-1637,2
no_autorizado,2521,2026,3,user-emp2-1638,2
no_autorizado,2561,2026,4,user-emp2-1639,2
no_autorizado,2601,2026,1,user-emp2-1640,2
no_autorizado,2641,2026,2,user-emp2-1641,2
no_autorizado,2681,2026,3,user-emp2-1642,2
no_autorizado,2721,2026,4,user-emp2-1643,2
no_autorizado,2761,2026,1,user-emp2-1644,2
no_autorizado,2801,2026,2,user-emp2-1645,2
no_autorizado,2841,2026,3,user-emp2-1646,2
no_autorizado,2881,2026,4,user-emp2-1647,2
no_autorizado,2921,2026,1,user-emp2-1648,2
no_autorizado,2961,2026,2,user-emp2-1649,2
no_autorizado,1,2026,3,user-emp2-1650,2
no_autorizado,41,2026,4,user-emp2-1651,2
no_autorizado,81,2026,1,user-emp2-1652,2
no_autorizado,121,2026,2,user-emp2-1653,2
no_autorizado,161,2026,3,user-emp2-1654,2
no_autorizado,201,2026,4,user-emp2-1655,2
no_autorizado,241,2026,1,user-emp2-1656,2
no_autorizado,281,2026,2,user-emp2-1657,2
no_autorizado,321,2026,3,user-emp2-1658,2
no_autorizado,361,2026,4,user-emp2-1659,2
no_autorizado,401,2026,1,user-emp2-1660,2
no_autorizado,441,2026,2,user-emp2-1661,2
no_autorizado,481,2026,3,user-emp2-1662,2
no_autorizado,521,2026,4,user-emp2-1663,2
no_autorizado,561,2026,1,user-emp2-1664,2
no_autorizado,601,2026,2,user-emp2-1665,2
no_autorizado,641,2026,3,user-emp2-1666,2
no_autorizado,681,2026,4,user-emp2-1667,2
no_autorizado,721,2026,1,user-emp2-1668,2
no_autorizado,761,2026,2,user-emp2-1669,2
no_autorizado,801,2026,3,user-emp2-1670,2
no_autorizado,841,2026,4,user-emp2-1671,2
no_autorizado,881,2026,1,user-emp2-1672,2
no_autorizado,921,2026,2,user-emp2-1673,2
no_autorizado,961,2026,3,user-emp2-1674,2
no_autorizado,1001,2026,4,user-emp2-1675,2
no_autorizado,1041,2026,1,user-emp2-1676,2
no_autorizado,1081,2026,2,user-emp2-1677,2
no_autorizado,1121,2026,3,user-emp2-1678,2
no_autorizado,1161,2026,4,user-emp2-1679,2
no_autorizado,1201,2026,1,user-emp2-1680,2
no_autorizado,1241,2026,2,user-emp2-1681,2
no_autorizado,1281,2026,3,user-emp2-1682,2
no_autorizado,1321,2026,4,user-emp2-1683,2
no_autorizado,1361,2026,1,user-emp2-1684,2
no_autorizado,1401,2026,2,user-emp2-1685,2
no_autorizado,1441,2026,3,user-emp2-1686,2
no_autorizado,1481,2026,4,user-emp2-1687,2
no_autorizado,1521,2026,1,user-emp2-1688,2
no_autorizado,1561,2026,2,user-emp2-1689,2
no_autorizado,1601,2026,3,user-emp2-1690,2
no_autorizado,1641,2026,4,user-emp2-1691,2
no_autorizado,1681,2026,1,user-emp2-1692,2
no_autorizado,1721,2026,2,user-emp2-1693,2
no_autorizado,1761,2026,3,user-emp2-1694,2
no_autorizado,1801,2026,4,user-emp2-1695,2
no_autorizado,1841,2026,1,user-emp2-1696,2
no_autorizado,1881,2026,2,user-emp2-1697,2
no_autorizado,1921,2026,3,user-emp2-1698,2
no_autorizado,1961,2026,4,user-emp2-1699,2
no_autorizado,2001,2026,1,user-emp2-1700,2
no_autorizado,2041,2026,2,user-emp2-1701,2
no_autorizado,2081,2026,3,user-emp2-1702,2
no_autorizado,2121,2026,4,user-emp2-1703,2
no_autorizado,2161,2026,1,user-emp2-1704,2
no_autorizado,2201,2026,2,user-emp2-1705,2
no_autorizado,2241,2026,3,user-emp2-1706,2
no_autorizado,2281,2026,4,user-emp2-1707,2
no_autorizado,2321,2026,1,user-emp2-1708,2
no_autorizado,2361,2026,2,user-emp2-1709,2
no_autorizado,2401,2026,3,user-emp2-1710,2
no_autorizado,2441,2026,4,user-emp2-1711,2
no_autorizado,2481,2026,1,user-emp2-1712,2
no_autorizado,2521,2026,2,user-emp2-1713,2
no_autorizado,2561,2026,3,user-emp2-1714,2
no_autorizado,2601,2026,4,user-emp2-1715,2
no_autorizado,2641,2026,1,user-emp2-1716,2
no_autorizado,2681,2026,2,user-emp2-1717,2
no_autorizado,2721,2026,3,user-emp2-1718,2
no_autorizado,2761,2026,4,user-emp2-1719,2
no_autorizado,2801,2026,1,user-emp2-1720,2
no_autorizado,2841,2026,2,user-emp2-1721,2
no_autorizado,2881,2026,3,user-emp2-1722,2
no_autorizado,2921,2026,4,user-emp2-1723,2
no_autorizado,2961,2026,1,user-emp2-1724,2
no_autorizado,1,2026,2,user-emp2-1725,2
no_autorizado,41,2026,3,user-emp2-1726,2
no_autorizado,81,2026,4,user-emp2-1727,2
no_autorizado,121,2026,1,user-emp2-1728,2
no_autorizado,161,2026,2,user-emp2-1729,2
no_autorizado,201,2026,3,user-emp2-1730,2
no_autorizado,241,2026,4,user-emp2-1731,2
no_autorizado,281,2026,1,user-emp2-1732,2
no_autorizado,321,2026,2,user-emp2-1733,2
no_autorizado,361,2026,3,user-emp2-1734,2
no_autorizado,401,2026,4,user-emp2-1735,2
no_autorizado,441,2026,1,user-emp2-1736,2
no_autorizado,481,2026,2,user-emp2-1737,2
no_autorizado,521,2026,3,user-emp2-1738,2
no_autorizado,561,2026,4,user-emp2-1739,2
no_autorizado,601,2026,1,user-emp2-1740,2
no_autorizado,641,2026,2,user-emp2-1741,2
no_autorizado,681,2026,3,user-emp2-1742,2
no_autorizado,721,2026,4,user-emp2-1743,2
no_autorizado,761,2026,1,user-emp2-1744,2
no_autorizado,801,2026,2,user-emp2-1745,2
no_autorizado,841,2026,3,user-emp2-1746,2
no_autorizado,881,2026,4,user-emp2-1747,2
no_autorizado,921,2026,1,user-emp2-1748,2
no_autorizado,961,2026,2,user-emp2-1749,2
no_autorizado,1001,2026,3,user-emp2-1750,2
no_autorizado,1041,2026,4,user-emp2-1751,2
no_autorizado,1081,2026,1,user-emp2-1752,2
no_autorizado,1121,2026,2,user-emp2-1753,2
no_autorizado,1161,2026,3,user-emp2-1754,2
no_autorizado,1201,2026,4,user-emp2-1755,2
no_autorizado,1241,2026,1,user-emp2-1756,2
no_autorizado,1281,2026,2,user-emp2-1757,2
no_autorizado,1321,2026,3,user-emp2-1758,2
no_autorizado,1361,2026,4,user-emp2-1759,2
no_autorizado,1401,2026,1,user-emp2-1760,2
no_autorizado,1441,2026,2,user-emp2-1761,2
no_autorizado,1481,2026,3,user-emp2-1762,2
no_autorizado,1521,2026,4,user-emp2-1763,2
no_autorizado,1561,2026,1,user-emp2-1764,2
no_autorizado,1601,2026,2,user-emp2-1765,2
no_autorizado,1641,2026,3,user-emp2-1766,2
no_autorizado,1681,2026,4,user-emp2-1767,2
no_autorizado,1721,2026,1,user-emp2-1768,2
no_autorizado,1761,2026,2,user-emp2-1769,2
no_autorizado,1801,2026,3,user-emp2-1770,2
no_autorizado,1841,2026,4,user-emp2-1771,2
no_autorizado,1881,2026,1,user-emp2-1772,2
no_autorizado,1921,2026,2,user-emp2-1773,2
no_autorizado,1961,2026,3,user-emp2-1774,2
no_autorizado,2001,2026,4,user-emp2-1775,2
no_autorizado,2041,2026,1,user-emp2-1776,2
no_autorizado,2081,2026,2,user-emp2-1777,2
no_autorizado,2121,2026,3,user-emp2-1778,2
no_autorizado,2161,2026,4,user-emp2-1779,2
no_autorizado,2201,2026,1,user-emp2-1780,2
no_autorizado,2241,2026,2,user-emp2-1781,2
no_autorizado,2281,2026,3,user-emp2-1782,2
no_autorizado,2321,2026,4,user-emp2-1783,2
no_autorizado,2361,2026,1,user-emp2-1784,2
no_autorizado,2401,2026,2,user-emp2-1785,2
no_autorizado,2441,2026,3,user-emp2-1786,2
no_autorizado,2481,2026,4,user-emp2-1787,2
no_autorizado,2521,2026,1,user-emp2-1788,2
no_autorizado,2561,2026,2,user-emp2-1789,2
no_autorizado,2601,2026,3,user-emp2-1790,2
no_autorizado,2641,2026,4,user-emp2-1791,2
no_autorizado,2681,2026,1,user-emp2-1792,2
no_autorizado,2721,2026,2,user-emp2-1793,2
no_autorizado,2761,2026,3,user-emp2-1794,2
no_autorizado,2801,2026,4,user-emp2-1795,2
no_autorizado,2841,2026,1,user-emp2-1796,2
no_autorizado,2881,2026,2,user-emp2-1797,2
no_autorizado,2921,2026,3,user-emp2-1798,2
no_autorizado,2961,2026,4,user-emp2-1799,2
no_autorizado,1,2026,1,user-emp2-1800,2
no_autorizado,41,2026,2,user-emp2-1801,2
no_autorizado,81,2026,3,user-emp2-1802,2
no_autorizado,121,2026,4,user-emp2-1803,2
no_autorizado,161,2026,1,user-emp2-1804,2
no_autorizado,201,2026,2,user-emp2-1805,2
no_autorizado,241,2026,3,user-emp2-1806,2
no_autorizado,281,2026,4,user-emp2-1807,2
no_autorizado,321,2026,1,user-emp2-1808,2
no_autorizado,361,2026,2,user-emp2-1809,2
no_autorizado,401,2026,3,user-emp2-1810,2
no_autorizado,441,2026,4,user-emp2-1811,2
no_autorizado,481,2026,1,user-emp2-1812,2
no_autorizado,521,2026,2,user-emp2-1813,2
no_autorizado,561,2026,3,user-emp2-1814,2
no_autorizado,601,2026,4,user-emp2-1815,2
no_autorizado,641,2026,1,user-emp2-1816,2
no_autorizado,681,2026,2,user-emp2-1817,2
no_autorizado,721,2026,3,user-emp2-1818,2
no_autorizado,761,2026,4,user-emp2-1819,2
no_autorizado,801,2026,1,user-emp2-1820,2
no_autorizado,841,2026,2,user-emp2-1821,2
no_autorizado,881,2026,3,user-emp2-1822,2
no_autorizado,921,2026,4,user-emp2-1823,2
no_autorizado,961,2026,1,user-emp2-1824,2
no_autorizado,1001,2026,2,user-emp2-1825,2
no_autorizado,1041,2026,3,user-emp2-1826,2
no_autorizado,1081,2026,4,user-emp2-1827,2
no_autorizado,1121,2026,1,user-emp2-1828,2
no_autorizado,1161,2026,2,user-emp2-1829,2
no_autorizado,1201,2026,3,user-emp2-1830,2
no_autorizado,1241,2026,4,user-emp2-1831,2
no_autorizado,1281,2026,1,user-emp2-1832,2
no_autorizado,1321,2026,2,user-emp2-1833,2
no_autorizado,1361,2026,3,user-emp2-1834,2
no_autorizado,1401,2026,4,user-emp2-1835,2
no_autorizado,1441,2026,1,user-emp2-1836,2
no_autorizado,1481,2026,2,user-emp2-1837,2
no_autorizado,1521,2026,3,user-emp2-1838,2
no_autorizado,1561,2026,4,user-emp2-1839,2
no_autorizado,1601,2026,1,user-emp2-1840,2
no_autorizado,1641,2026,2,user-emp2-1841,2
no_autorizado,1681,2026,3,user-emp2-1842,2
no_autorizado,1721,2026,4,user-emp2-1843,2
no_autorizado,1761,2026,1,user-emp2-1844,2
no_autorizado,1801,2026,2,user-emp2-1845,2
no_autorizado,1841,2026,3,user-emp2-1846,2
no_autorizado,1881,2026,4,user-emp2-1847,2
no_autorizado,1921,2026,1,user-emp2-1848,2
no_autorizado,1961,2026,2,user-emp2-1849,2
no_autorizado,2001,2026,3,user-emp2-1850,2
no_autorizado,2041,2026,4,user-emp2-1851,2
no_autorizado,2081,2026,1,user-emp2-1852,2
no_autorizado,2121,2026,2,user-emp2-1853,2
no_autorizado,2161,2026,3,user-emp2-1854,2
no_autorizado,2201,2026,4,user-emp2-1855,2
no_autorizado,2241,2026,1,user-emp2-1856,2
no_autorizado,2281,2026,2,user-emp2-1857,2
no_autorizado,2321,2026,3,user-emp2-1858,2
no_autorizado,2361,2026,4,user-emp2-1859,2
no_autorizado,2401,2026,1,user-emp2-1860,2
no_autorizado,2441,2026,2,user-emp2-1861,2
no_autorizado,2481,2026,3,user-emp2-1862,2
no_autorizado,2521,2026,4,user-emp2-1863,2
no_autorizado,2561,2026,1,user-emp2-1864,2
no_autorizado,2601,2026,2,user-emp2-1865,2
no_autorizado,2641,2026,3,user-emp2-1866,2
no_autorizado,2681,2026,4,user-emp2-1867,2
no_autorizado,2721,2026,1,user-emp2-1868,2
no_autorizado,2761,2026,2,user-emp2-1869,2
no_autorizado,2801,2026,3,user-emp2-1870,2
no_autorizado,2841,2026,4,user-emp2-1871,2
no_autorizado,2881,2026,1,user-emp2-1872,2
no_autorizado,2921,2026,2,user-emp2-1873,2
no_autorizado,2961,2026,3,user-emp2-1874,2
no_autorizado,1,2026,4,user-emp2-1875,2
no_autorizado,41,2026,1,user-emp2-1876,2
no_autorizado,81,2026,2,user-emp2-1877,2
no_autorizado,121,2026,3,user-emp2-1878,2
no_autorizado,161,2026,4,user-emp2-1879,2
no_autorizado,201,2026,1,user-emp2-1880,2
no_autorizado,241,2026,2,user-emp2-1881,2
no_autorizado,281,2026,3,user-emp2-1882,2
no_autorizado,321,2026,4,user-emp2-1883,2
no_autorizado,361,2026,1,user-emp2-1884,2
no_autorizado,401,2026,2,user-emp2-1885,2
no_autorizado,441,2026,3,user-emp2-1886,2
no_autorizado,481,2026,4,user-emp2-1887,2
no_autorizado,521,2026,1,user-emp2-1888,2
no_autorizado,561,2026,2,user-emp2-1889,2
no_autorizado,601,2026,3,user-emp2-1890,2
no_autorizado,641,2026,4,user-emp2-1891,2
no_autorizado,681,2026,1,user-emp2-1892,2
no_autorizado,721,2026,2,user-emp2-1893,2
no_autorizado,761,2026,3,user-emp2-1894,2
no_autorizado,801,2026,4,user-emp2-1895,2
no_autorizado,841,2026,1,user-emp2-1896,2
no_autorizado,881,2026,2,user-emp2-1897,2
no_autorizado,921,2026,3,user-emp2-1898,2
no_autorizado,961,2026,4,user-emp2-1899,2
no_autorizado,1001,2026,1,user-emp2-1900,2
no_autorizado,1041,2026,2,user-emp2-1901,2
no_autorizado,1081,2026,3,user-emp2-1902,2
no_autorizado,1121,2026,4,user-emp2-1903,2
no_autorizado,1161,2026,1,user-emp2-1904,2
no_autorizado,1201,2026,2,user-emp2-1905,2
no_autorizado,1241,2026,3,user-emp2-1906,2
no_autorizado,1281,2026,4,user-emp2-1907,2
no_autorizado,1321,2026,1,user-emp2-1908,2
no_autorizado,1361,2026,2,user-emp2-1909,2
no_autorizado,1401,2026,3,user-emp2-1910,2
no_autorizado,1441,2026,4,user-emp2-1911,2
no_autorizado,1481,2026,1,user-emp2-1912,2
no_autorizado,1521,2026,2,user-emp2-1913,2
no_autorizado,1561,2026,3,user-emp2-1914,2
no_autorizado,1601,2026,4,user-emp2-1915,2
no_autorizado,1641,2026,1,user-emp2-1916,2
no_autorizado,1681,2026,2,user-emp2-1917,2
no_autorizado,1721,2026,3,user-emp2-1918,2
no_autorizado,1761,2026,4,user-emp2-1919,2
no_autorizado,1801,2026,1,user-emp2-1920,2
no_autorizado,1841,2026,2,user-emp2-1921,2
no_autorizado,1881,2026,3,user-emp2-1922,2
no_autorizado,1921,2026,4,user-emp2-1923,2
no_autorizado,1961,2026,1,user-emp2-1924,2
no_autorizado,2001,2026,2,user-emp2-1925,2
no_autorizado,2041,2026,3,user-emp2-1926,2
no_autorizado,2081,2026,4,user-emp2-1927,2
no_autorizado,2121,2026,1,user-emp2-1928,2
no_autorizado,2161,2026,2,user-emp2-1929,2
no_autorizado,2201,2026,3,user-emp2-1930,2
no_autorizado,2241,2026,4,user-emp2-1931,2
no_autorizado,2281,2026,1,user-emp2-1932,2
no_autorizado,2321,2026,2,user-emp2-1933,2
no_autorizado,2361,2026,3,user-emp2-1934,2
no_autorizado,2401,2026,4,user-emp2-1935,2
no_autorizado,2441,2026,1,user-emp2-1936,2
no_autorizado,2481,2026,2,user-emp2-1937,2
no_autorizado,2521,2026,3,user-emp2-1938,2
no_autorizado,2561,2026,4,user-emp2-1939,2
no_autorizado,2601,2026,1,user-emp2-1940,2
no_autorizado,2641,2026,2,user-emp2-1941,2
no_autorizado,2681,2026,3,user-emp2-1942,2
no_autorizado,2721,2026,4,user-emp2-1943,2
no_autorizado,2761,2026,1,user-emp2-1944,2
no_autorizado,2801,2026,2,user-emp2-1945,2
no_autorizado,2841,2026,3,user-emp2-1946,2
no_autorizado,2881,2026,4,user-emp2-1947,2
no_autorizado,2921,2026,1,user-emp2-1948,2
no_autorizado,2961,2026,2,user-emp2-1949,2
no_autorizado,1,2026,3,user-emp2-1950,2
no_autorizado,41,2026,4,user-emp2-1951,2
no_autorizado,81,2026,1,user-emp2-1952,2
no_autorizado,121,2026,2,user-emp2-1953,2
no_autorizado,161,2026,3,user-emp2-1954,2
no_autorizado,201,2026,4,user-emp2-1955,2
no_autorizado,241,2026,1,user-emp2-1956,2
no_autorizado,281,2026,2,user-emp2-1957,2
no_autorizado,321,2026,3,user-emp2-1958,2
no_autorizado,361,2026,4,user-emp2-1959,2
no_autorizado,401,2026,1,user-emp2-1960,2
no_autorizado,441,2026,2,user-emp2-1961,2
no_autorizado,481,2026,3,user-emp2-1962,2
no_autorizado,521,2026,4,user-emp2-1963,2
no_autorizado,561,2026,1,user-emp2-1964,2
no_autorizado,601,2026,2,user-emp2-1965,2
no_autorizado,641,2026,3,user-emp2-1966,2
no_autorizado,681,2026,4,user-emp2-1967,2
no_autorizado,721,2026,1,user-emp2-1968,2
no_autorizado,761,2026,2,user-emp2-1969,2
no_autorizado,801,2026,3,user-emp2-1970,2
no_autorizado,841,2026,4,user-emp2-1971,2
no_autorizado,881,2026,1,user-emp2-1972,2
no_autorizado,921,2026,2,user-emp2-1973,2
no_autorizado,961,2026,3,user-emp2-1974,2
no_autorizado,1001,2026,4,user-emp2-1975,2
no_autorizado,1041,2026,1,user-emp2-1976,2
no_autorizado,1081,2026,2,user-emp2-1977,2
no_autorizado,1121,2026,3,user-emp2-1978,2
no_autorizado,1161,2026,4,user-emp2-1979,2
no_autorizado,1201,2026,1,user-emp2-1980,2
no_autorizado,1241,2026,2,user-emp2-1981,2
no_autorizado,1281,2026,3,user-emp2-1982,2
no_autorizado,1321,2026,4,user-emp2-1983,2
no_autorizado,1361,2026,1,user-emp2-1984,2
no_autorizado,1401,2026,2,user-emp2-1985,2
no_autorizado,1441,2026,3,user-emp2-1986,2
no_autorizado,1481,2026,4,user-emp2-1987,2
no_autorizado,1521,2026,1,user-emp2-1988,2
no_autorizado,1561,2026,2,user-emp2-1989,2
no_autorizado,1601,2026,3,user-emp2-1990,2
no_autorizado,1641,2026,4,user-emp2-1991,2
no_autorizado,1681,2026,1,user-emp2-1992,2
no_autorizado,1721,2026,2,user-emp2-1993,2
no_autorizado,1761,2026,3,user-emp2-1994,2
no_autorizado,1801,2026,4,user-emp2-1995,2
no_autorizado,1841,2026,1,user-emp2-1996,2
no_autorizado,1881,2026,2,user-emp2-1997,2
no_autorizado,1921,2026,3,user-emp2-1998,2
no_autorizado,1961,2026,4,user-emp2-1999,2
